Cities,Count,Lat,Lng
Lamar,302,30.03990529999999,-94.0755748
Garden City,291,37.9716898,-100.8726618
Hays,269,38.8791783,-99.3267702
Dodge City,267,37.7527982,-100.0170787
Sterling,256,42.4374156,-71.76062929999999
North Platte,255,41.1402759,-100.7601454
Great Bend,253,38.3644567,-98.7648073
Columbus,197,39.9611755,-82.99879419999999
Pampa,184,35.5361559,-100.9598709
Fort Morgan,171,40.2502582,-103.7999509
Lexington,171,38.0405837,-84.5037164
Meridian,160,36.1068788,-97.1070083
Jacksonville,160,30.3321838,-81.65565099999999
Hutchinson,153,38.0608445,-97.92977429999999
Canton,145,42.3086444,-83.48211599999999
Clinton,141,38.9116696,-95.390531
Grand Forks,137,47.9252568,-97.0328547
Pierre,136,44.36678759999999,-100.3537522
Marshall,135,36.056901,-96.005218
Beatrice,134,40.2659269,-96.7466913
Maryville,133,38.6449452,-90.50457279999999
Laurel,133,39.0992752,-76.8483061
Hastings,132,42.6458682,-85.29084030000001
Brandon,131,27.937801,-82.2859247
Scottsbluff,130,41.8666341,-103.6671662
Salina,127,38.8402805,-97.61142369999999
Jasper,125,37.3400533,-94.3029439
Washington,122,47.7510741,-120.7401385
Alexandria,121,38.8048355,-77.0469214
Woodward,119,36.4336481,-99.3903862
Devils Lake,118,43.4183975,-89.7309534
Hattiesburg,114,31.3271189,-89.29033919999999
Marion,112,35.6840131,-82.00927449999999
Athens,111,37.9838096,23.7275388
Paris,111,48.856614,2.3522219
Enid,110,36.3955891,-97.8783911
Aberdeen,110,57.149717,-2.094278
Lumberton,108,34.6182199,-79.0086424
Liberal,107,37.0430812,-100.920999
Lincoln,106,35.949526,-94.4235482
Wilmington,106,34.2103894,-77.8868117
Madison,105,43.0730517,-89.4012302
Mitchell,105,43.7094283,-98.0297992
Abilene,104,32.4487364,-99.73314390000002
Lebanon,103,33.854721,35.862285
Vicksburg,103,32.3526456,-90.877882
Fort Smith,100,35.3859242,-94.39854749999999
Selma,100,38.1347501,-95.1233065
Jackson,99,32.2987573,-90.1848103
Greenville,99,34.85261759999999,-82.3940104
Plainview,99,34.1847936,-101.7068417
Grand Island,98,40.9263957,-98.3420118
Natchitoches,98,31.7607195,-93.08627489999999
Decatur,94,33.7748275,-84.2963123
Muskogee,93,35.7478769,-95.3696909
Bemidji,93,47.471573,-94.8826861
Gainesville,92,29.6516344,-82.32482619999999
Norfolk,91,36.8507689,-76.28587259999999
Valley City,91,46.9233129,-98.0031547
Okmulgee,90,35.6266957,-95.9515399
Starkville,90,33.4503998,-88.81838719999999
Brookhaven,88,36.1600503,-94.1255486
Ozark,86,36.5692952,-93.097702
Paducah,86,37.0833893,-88.6000478
Danville,86,37.8215929,-121.9999606
Carroll,85,42.0655986,-94.86727929999999
Springfield,84,37.2089572,-93.29229889999999
Henderson,83,36.0395247,-114.9817213
Huntsville,82,34.7303688,-86.5861037
Grafton,81,42.2070391,-71.6856236
Kearney,80,39.3677802,-94.3621703
Altus,80,34.637765,-99.3340442
Mount Pleasant,79,32.8323225,-79.82842579999999
Willmar,79,45.1223711,-95.048659
Dickinson,79,46.8791756,-102.7896242
Greenwood,78,39.6136578,-86.10665259999999
Watertown,78,42.3709299,-71.1828321
Natchez,77,31.5604442,-91.40317100000001
Indianola,77,41.3580484,-93.5574376
Rapid Valley,77,44.0624879,-103.1462899
El Dorado,77,37.8167564,-96.8869965
Parker,74,37.0787447,-94.5024145
Dumas,74,35.8653789,-101.9732236
San Angelo,74,31.4637723,-100.4370375
Farmington,73,41.7360305,-72.79502699999999
Guymon,72,36.6828041,-101.4815493
Poplar Bluff,72,36.7569994,-90.392888
Worthington,71,40.0931191,-83.017962
Batesville,71,39.3000511,-85.222184
Fergus Falls,70,46.2835212,-96.0777887
Conway,69,35.0886963,-92.4421011
Dothan,68,31.2232313,-85.3904888
Elizabeth City,68,36.2946008,-76.2510461
Huron,68,41.3950489,-82.55517329999999
Sweetwater,67,36.8267349,-94.26577089999999
Van Buren,67,35.436756,-94.34826799999999
Texarkana,67,33.425125,-94.04768820000001
Havelock,65,34.8790492,-76.9013301
Black Forest,65,48.2774862,8.185997
Fort Dodge,65,42.4974694,-94.16801579999999
Russellville,65,35.2784173,-93.1337856
El Reno,64,35.5322741,-97.9550493
Tupelo,63,34.2576066,-88.7033859
Orangeburg,63,33.4918203,-80.8556476
Ada,63,34.774531,-96.6783449
Troy,63,42.6064095,-83.1497751
Evans,62,37.3393943,-94.7041411
Miami,62,25.7616798,-80.1917902
Bogalusa,62,30.7910204,-89.8486858
Elk City,61,35.4119944,-99.4042592
Douglas,61,34.369896,-118.514193
Monroe,61,47.8553772,-121.970958
Mountain Home,61,43.1329504,-115.6911975
Waverly,61,42.7272032,-92.4668511
Lawrenceburg,60,39.090891,-84.8499504
Snyder,60,39.1064181,-94.549814
Centralia,60,40.8042541,-76.3405035
Lubbock,59,33.5778631,-101.8551665
Brownwood,59,31.7093197,-98.9911611
Cheyenne,59,41.1399814,-104.8202462
Cleveland,59,41.49932,-81.6943605
Waterloo,59,50.71469,4.3991
Bismarck,58,46.8083268,-100.7837392
Shawnee,58,35.3272928,-96.9253004
Ruston,58,32.5232053,-92.63792699999999
Bolivar,57,37.6144838,-93.4104749
Madisonville,57,37.32810050000001,-87.4988882
Graham,57,36.0690258,-79.4005756
Haysville,57,37.5644615,-97.3522675
Mandan,56,46.8266603,-100.8895761
Taylorville,56,39.548935,-89.294533
Moorhead,56,46.8737648,-96.76780389999999
Dublin,56,53.3498053,-6.2603097
Tahlequah,56,35.91537,-94.969956
Weatherford,55,32.7592955,-97.7972544
Sikeston,55,36.876719,-89.5878579
Stuttgart,55,48.7758459,9.1829321
Le Mars,55,42.79415669999999,-96.1655778
Torrington,55,41.8003049,-73.1211715
Newton,54,42.3370413,-71.20922139999999
Crestview,54,30.7541808,-86.5727995
Boone,54,36.216795,-81.6745517
Tuscaloosa,54,33.2098407,-87.56917349999999
Cullman,54,34.1748208,-86.8436124
Junction City,53,39.0286093,-96.83139779999999
West Plains,53,36.7281154,-91.8523711
Hopkinsville,53,36.8656008,-87.4886186
Sulphur,53,30.2365943,-93.37737829999999
Searcy,53,35.2468204,-91.73368459999999
Stillwater,53,36.1156071,-97.0583681
Rolla,52,37.948544,-91.7715303
Fredericksburg,52,30.2752011,-98.8719843
Vernon,52,34.003903,-118.230073
Hope,52,36.8979636,-95.92665269999999
Kirksville,51,40.19475389999999,-92.5832496
Owensboro,51,37.7719074,-87.1111676
Corinth,51,37.9386365,22.9322383
Borger,51,35.6678203,-101.3973876
Eunice,51,30.4943669,-92.4176324
Murray,50,36.6103334,-88.31476099999999
Monticello,50,38.0086043,-78.4531994
Yankton,50,42.87110879999999,-97.39728129999999
Northport,50,40.9009313,-73.3431727
Vermillion,50,44.8341682,-93.0451823
Pecos,50,31.4229124,-103.4932293
Wahpeton,50,46.2652367,-96.60590719999999
Claremore,50,36.3125963,-95.61609
Florence,49,43.7695604,11.2558136
Lafayette,49,30.2240897,-92.0198427
Ardmore,49,34.1742611,-97.14362539999999
Hammond,49,41.5833688,-87.5000412
Ponca City,49,36.706981,-97.0855948
Lancaster,49,40.0378755,-76.3055144
Yazoo City,49,32.8551326,-90.4056468
West Fargo,49,46.8769487,-96.89990569999999
Brighton,48,40.598019,-111.583187
Norman,48,35.2225668,-97.4394777
Dickson,48,36.0770048,-87.3877899
Ames,48,42.0307812,-93.63191309999999
Bellevue,48,47.6101497,-122.2015159
Canyon,48,34.9803342,-101.9188024
Sioux Falls,48,43.5473028,-96.728333
Marshalltown,48,42.0494674,-92.90803749999999
Topeka,48,39.0473451,-95.67515759999999
Merrill,48,45.1805223,-89.683459
Republic,48,37.2141258,-95.57720660000001
Minot,48,48.2329668,-101.2922906
Shreveport,48,32.5251516,-93.7501789
Excelsior Springs,48,39.3391712,-94.22605589999999
Cabot,47,44.4014456,-72.3123248
Eufaula,47,31.8912717,-85.1454876
Carbondale,47,37.7272727,-89.2167501
Bastrop,47,30.1104947,-97.3152701
Durant,47,33.9924186,-96.39712329999999
Fremont,47,37.5485396,-121.988583
Gillette,47,42.0909458,-71.2643465
Albertville,47,45.2312337,-93.6687657
Glasgow,47,55.864237,-4.251806
Storm Lake,47,42.6430359,-95.2019399
Jonesboro,46,35.84229670000001,-90.704279
Bossier City,46,32.5159852,-93.7321228
Grenada,45,12.1165,-61.67899999999999
Sumter,45,33.9123048,-80.4103957
Lake Charles,45,30.2265949,-93.2173758
Saraland,45,30.820742,-88.07055559999999
Pineville,45,35.0832014,-80.89229569999999
Jamestown,44,37.2116383,-76.7752102
Ottawa,44,45.4215296,-75.69719309999999
Hannibal,44,39.7083789,-91.35848159999999
Hot Springs,44,34.5037004,-93.0551795
Big Spring,44,32.2503979,-101.4787355
Fort Payne,43,34.4442547,-85.7196893
Chickasha,43,35.052565,-97.93643259999999
Minden,43,38.9540739,-119.7657332
Hereford,43,52.05639799999999,-2.715974
Mason City,43,43.1535728,-93.20103669999999
Bainbridge,43,47.62487910000001,-122.5210007
Evansville,42,37.9715592,-87.5710898
Fairfield,42,41.1408363,-73.2612615
Emporia,42,38.403903,-96.18166260000001
Enterprise,42,37.223958,-95.73042769999999
Spring Hill,42,28.4831682,-82.5369872
Cookeville,42,36.162839,-85.5016423
Tallahassee,42,30.4382559,-84.28073289999999
Oxford,42,51.7520209,-1.2577263
Thomaston,42,32.8881879,-84.3265854
Callaway,41,35.208095,-97.4375017
Muscle Shoals,41,34.7448112,-87.66752919999999
Aiken,41,33.5604168,-81.7195533
Montgomery,40,32.3792233,-86.3077368
Effingham,40,39.1200418,-88.5433829
Atchison,40,39.5630521,-95.12163559999999
Liberty,40,37.1556278,-95.5947005
Spencer,40,36.06320470000001,-95.88014109999999
Harrisburg,39,40.2731911,-76.8867008
Lawton,39,34.6035669,-98.39592909999999
Winfield,39,37.2397486,-96.9955918
Paragould,39,36.0584021,-90.4973286
Champaign,39,40.1164204,-88.2433829
Mount Vernon,39,38.707982,-77.0861753
Chatham,39,41.6820897,-69.95976639999999
South Sioux City,39,42.4648558,-96.4130601
Kinston,38,35.2626635,-77.5816353
Bowling Green,38,36.9685219,-86.4808043
New Ulm,38,44.3144394,-94.45930179999999
Independence,38,39.0911161,-94.41550679999999
Forrest City,38,35.0081474,-90.7898342
Goldsboro,37,35.3848841,-77.9927651
Siloam Springs,37,36.1881365,-94.54049619999999
Arkansas City,37,37.0619736,-97.0383712
Kewanee,37,41.2455927,-89.9248303
Jennings,37,38.7192175,-90.26039030000001
Macomb,37,42.7168759,-82.82097399999999
Midland,36,31.9973456,-102.0779146
Nacogdoches,36,31.6035129,-94.6554874
Albany,36,42.6525793,-73.7562317
Clarksville,36,36.5297706,-87.3594528
Lexington Park,36,38.2575517,-76.4620928
Manhattan,36,40.7830603,-73.9712488
North Branch,36,45.5102135,-92.99310539999999
Campbellsville,36,37.3433974,-85.3419069
Platteville,36,42.73416,-90.4784621
Albert Lea,36,43.6478006,-93.3686555
Bloomington,35,39.165325,-86.52638569999999
Tuskegee,35,32.430237,-85.7077266
Lewistown,35,40.5992395,-77.571382
Opelousas,35,30.5335302,-92.081509
Harrison,35,40.7464901,-74.1562551
Alexander City,35,32.944012,-85.9538532
Georgetown,35,38.9076089,-77.07225849999999
Altoona,34,40.5186809,-78.3947359
Lufkin,34,31.3382406,-94.729097
Culpeper,34,38.4729632,-77.9962512
Council Bluffs,34,41.2619444,-95.8608333
Stephenville,34,32.2206958,-98.2022633
Pittsburg,34,38.0279762,-121.8846806
Parsons,34,37.34033840000001,-95.2610838
Lake City,34,30.1896756,-82.6392899
Anderson,33,38.97383,-95.250525
Guthrie,33,35.878937,-97.42531849999999
Rochester,33,43.15657789999999,-77.6088465
Statesboro,33,32.4487876,-81.7831674
Menomonie,33,44.8755183,-91.9193422
Carthage,33,36.8529199,10.3217245
Austin,33,30.267153,-97.7430608
Alice,33,32.7951223,-96.7889378
Prattville,32,32.4640245,-86.4596966
Auburn,32,32.6098566,-85.48078249999999
Peru,32,-9.189967,-75.015152
Sapulpa,32,35.9987007,-96.1141664
Bartlesville,32,36.7473114,-95.98081789999999
Toccoa,32,34.5773206,-83.3323851
Winchester,32,39.1856597,-78.1633341
Fairmont,32,30.26204559999999,-97.7381328
Vincennes,32,38.677269,-87.5286325
Muscatine,32,41.424473,-91.0432051
Tullahoma,31,35.3620235,-86.20943419999999
Tyler,31,32.3512601,-95.30106239999999
Greensburg,31,40.3014581,-79.5389289
Sedalia,31,38.7044609,-93.2282613
Alabaster,31,33.2442813,-86.8163773
Cleburne,31,32.3476438,-97.38668369999999
Lawrence,31,38.9716689,-95.2352501
Camden,31,39.9259463,-75.1196199
Wentzville,31,38.81144,-90.8529107
Fairhope,30,30.5229719,-87.9033261
Cape Girardeau,30,37.3058839,-89.51814759999999
Roanoke Rapids,30,36.4615395,-77.6541464
Williamsburg,30,40.7081156,-73.9570696
Shiloh,30,35.1153617,-88.36170849999999
Aurora,30,41.7605849,-88.32007150000001
Dubuque,30,42.50226610000001,-90.66546749999999
Huntington,30,45.0044485,-84.1445439
Mayfield,30,36.729996,-88.6280743
Fayetteville,30,35.0526641,-78.87835849999999
Mexico,30,23.634501,-102.552784
Lynn Haven,30,30.2454776,-85.64826099999999
Manchester,30,53.4807593,-2.2426305
Cedar Rapids,29,41.9778795,-91.6656232
Ledyard,29,41.4456444,-72.0181743
Shelbyville,29,39.5214373,-85.7769238
Somerset,29,51.105097,-2.9262307
Belle Glade,29,26.6845104,-80.6675577
Charleston,29,32.7764749,-79.93105120000001
Scottsboro,29,34.6723069,-86.03414629999999
Warrensburg,29,38.7627893,-93.73604979999999
Clovis,29,36.8252277,-119.7029194
Benton,29,34.5645371,-92.586828
Cordele,29,31.9635074,-83.7823938
Portage,29,41.5758707,-87.1761455
Cedar Falls,29,42.5348993,-92.4453161
Berea,28,37.568694,-84.2963223
Bryan,28,30.6743643,-96.3699632
Oskaloosa,28,41.2916728,-92.6493595
Duncan,28,34.5023028,-97.9578128
Monmouth,28,40.9114271,-90.64735759999999
Richmond,28,37.5407246,-77.4360481
Beeville,28,28.4008319,-97.7483312
Burlington,28,36.135688,-95.91991159999999
Griffin,28,33.2467807,-84.2640904
Columbia,28,34.0007104,-81.0348144
Waycross,27,31.2135511,-82.3540178
West Lafayette,27,40.4258686,-86.90806549999999
Radcliff,27,37.8403456,-85.9491298
Dyersburg,27,36.0345159,-89.38562809999999
Portales,27,34.1861922,-103.3343978
Pella,27,36.0999525,-95.8694139
Pine Bluff,27,34.2284312,-92.00319549999999
Quincy,27,42.2528772,-71.0022705
Conroe,27,30.3118769,-95.45605119999999
Bedford,27,32.844017,-97.1430671
Corsicana,27,32.0954304,-96.46887269999999
Picayune,27,30.5254692,-89.67950839999999
Morristown,27,40.79676670000001,-74.4815438
Brenham,27,30.1668828,-96.39774419999999
Spearfish,27,44.4908172,-103.8593697
Waupun,27,43.6333219,-88.72955189999999
Crowley,26,32.5790251,-97.3625172
Harrisonville,26,38.6533445,-94.3488372
Saint Cloud,26,45.5579451,-94.16324039999999
Clayton,26,35.650711,-78.4563914
Van Wert,26,40.8694927,-84.58412229999999
Keokuk,26,40.4044731,-91.3963966
Victoria,26,28.8052674,-97.0035982
Sheffield,26,53.38112899999999,-1.470085
Neosho,26,36.8689554,-94.36799599999999
Chanute,26,37.6792135,-95.4572034
Raton,25,36.9033581,-104.4391532
Brainerd,25,46.3526733,-94.2020084
Lamesa,25,32.7376001,-101.950992
Burkburnett,25,34.0978711,-98.5706134
Magnolia,25,37.22358699999999,-95.706663
Leesburg,25,39.1156615,-77.56360149999999
Malvern,25,40.0362184,-75.5138118
Marshfield,25,44.6688524,-90.1717987
Dawson,25,44.93090429999999,-96.05459379999999
Clive,25,41.6060873,-93.77235999999999
Suffolk,25,36.7282054,-76.5835621
Clarksdale,25,34.2001086,-90.5709323
Palestine,25,31.952162,35.233154
West Des Moines,25,41.5638902,-93.75938409999999
Longview,25,32.5007037,-94.74048909999999
Bay City,24,43.5944677,-83.8888647
Portsmouth,24,43.0717552,-70.7625532
Ottumwa,24,41.01602930000001,-92.40830220000001
Tucumcari,24,35.171723,-103.7249662
Shenandoah,24,38.29275579999999,-78.6795836
Valdosta,24,30.8327022,-83.2784851
Miles City,24,46.4083362,-105.8405582
Odessa,24,46.482526,30.7233095
Saint Marys,24,37.3640871,-96.30257449999999
Arkadelphia,23,34.1209292,-93.0537839
Moberly,23,39.4183689,-92.43823669999999
Saint Joseph,23,39.9610378,-74.1885138
Kennett,23,36.2361762,-90.0556493
Fulton,23,33.8033965,-84.3962535
Pontiac,23,42.6389216,-83.29104679999999
Mineral Wells,23,32.8084605,-98.1128223
Clemson,23,34.6738437,-82.8368654
Wilson,23,37.0404423,-95.6406409
Belle Fourche,23,44.6713733,-103.852148
Brownsville,23,25.9017472,-97.4974838
Beaufort,23,32.4315813,-80.6698286
Poquoson,23,37.1223664,-76.3457773
Azle,22,32.8951262,-97.5458565
Glendive,22,47.106401,-104.7107931
Broken Arrow,22,36.060949,-95.7974526
Warren,22,35.9913167,-95.80987510000001
Weston,22,26.1003654,-80.3997748
Portland,22,45.5051064,-122.6750261
Summerville,22,33.0185039,-80.17564809999999
Tifton,22,31.4504629,-83.5084973
Owasso,22,36.2695388,-95.8547119
Gulfport,22,30.3674198,-89.0928155
Urbana,22,40.1105875,-88.2072697
Lapeer,22,43.0514161,-83.31883409999999
Rantoul,22,40.3083672,-88.1558785
Carrollton,22,32.9756415,-96.8899636
Del Rio,22,29.3708857,-100.8958674
Newberry,22,34.2745833,-81.6187178
Leon Valley,21,29.4951562,-98.6185059
Fond Du Lac,21,43.7730448,-88.4470508
Levelland,21,33.5873164,-102.37796
Choctaw,21,33.9517085,-96.41260799999999
La Plata,21,38.5292877,-76.97525139999999
Oshkosh,21,36.0600146,-95.8809807
New Bern,21,35.108493,-77.04411429999999
Houma,21,29.5957696,-90.71953479999999
Hartselle,21,34.4434282,-86.9352842
Cedar Lake,21,41.3647578,-87.4411473
Amarillo,21,35.2219971,-101.8312969
Roswell,21,33.3942655,-104.5230242
Elizabethtown,21,37.7030646,-85.8649408
Cumberland,21,39.6528654,-78.7625185
Milledgeville,21,33.0801429,-83.2320991
Americus,21,32.0723861,-84.23268759999999
Papillion,21,41.1544432,-96.0422378
Wichita Falls,21,33.9137085,-98.4933873
Warsaw,21,52.2296756,21.0122287
Mattoon,21,39.48308970000001,-88.37282549999999
Port Charlotte,21,26.9761707,-82.09064479999999
Shelby,20,35.2923513,-81.5356463
Port Lavaca,20,28.6149968,-96.6260892
Freeport,20,43.8570065,-70.1031201
Vidalia,20,32.2176855,-82.4134614
Bay Saint Louis,20,30.3088076,-89.33004609999999
Bethalto,20,38.9092138,-90.0406608
Millbrook,20,41.7850937,-73.6940175
Pekin,20,40.5675388,-89.640658
Chippewa Falls,20,44.9369054,-91.39293479999999
Plymouth,20,41.9584457,-70.6672621
Wharton,20,29.3116366,-96.1027371
Crossville,20,35.9489566,-85.0269014
Gatesville,20,31.4351645,-97.743911
Kankakee,20,41.1200325,-87.8611531
Charlottesville,20,38.0293059,-78.47667810000002
Williamsport,20,41.2411897,-77.00107860000001
Gadsden,20,34.014264,-86.0066386
Sulphur Springs,20,33.1384479,-95.6010668
Phenix City,19,32.4709761,-85.0007653
Moultrie,19,31.1799407,-83.7888387
Palatka,19,29.6485801,-81.6375819
Lockhart,19,29.8849441,-97.6699996
Waseca,19,44.0770411,-93.50838429999999
Ashland,19,42.1945758,-122.7094767
Covington,19,30.4754702,-90.1009108
Bon Air,19,37.5248695,-77.5577653
Zachary,19,30.64851909999999,-91.1564961
Bryant,19,34.5959265,-92.48904689999999
Ensley,19,33.5116331,-86.8965344
Hondo,19,29.3474565,-99.14142489999999
Alpena,19,45.0616794,-83.4327528
Pell City,19,33.5862149,-86.2860888
Steinbach,19,49.5285279,-96.691092
Humboldt,19,40.7450055,-123.8695086
Edwardsville,19,38.8114364,-89.95315699999999
Morris,19,45.5919444,-95.9188889
Jefferson City,19,38.57670170000001,-92.1735164
Red Wing,19,36.291841,-95.84877809999999
Salisbury,19,38.3606736,-75.5993692
Altona,19,44.8883722,-73.6556985
Blytheville,19,35.9272953,-89.9189753
Ocala,18,29.1871986,-82.14009229999999
Moore,18,35.3395079,-97.48670279999999
Brookings,18,44.3113573,-96.79838769999999
Macon,18,32.8406946,-83.6324022
Coffeyville,18,37.0373005,-95.6163665
Copperas Cove,18,31.124062,-97.90307849999999
Indiana,18,40.2671941,-86.1349019
Saint Peter,18,37.08271190000001,-94.517125
Lewisville,18,33.046233,-96.994174
Sylacauga,18,33.1731716,-86.2516406
Joplin,18,37.08422710000001,-94.51328099999999
Perry,18,41.8385964,-94.10717969999999
Valley,18,37.1591947,-96.9244791
Bella Vista,18,36.481464,-94.2732642
Robstown,18,27.7903032,-97.6688843
Palm Coast,18,29.5844524,-81.20786989999999
Hillsboro,18,45.5272177,-122.9360906
Pueblo,18,38.2544472,-104.6091409
College Station,18,30.627977,-96.3344068
Murfreesboro,18,35.8456213,-86.39027
Abbeville,18,34.1781719,-82.3790147
Opelika,18,32.6454116,-85.3782795
La Crosse,18,43.8137751,-91.25190169999999
Trussville,18,33.6198251,-86.60887559999999
Wildwood,18,38.9917797,-74.8148894
Worland,18,44.01690139999999,-107.9553721
Warner Robins,17,32.6130007,-83.624201
New Iberia,17,30.0035365,-91.81872849999999
Chattanooga,17,35.0456297,-85.3096801
Killarney,17,52.05993530000001,-9.5044265
Marinette,17,45.0999849,-87.6306623
Normal,17,40.5142026,-88.9906312
Sunbury,17,40.862585,-76.79441039999999
Baraboo,17,43.4710944,-89.74429060000001
Collierville,17,35.042036,-89.6645266
Oneonta,17,42.4528571,-75.0637746
Appleton,17,44.2619309,-88.41538469999999
Gardendale,17,33.6601033,-86.8127702
Brownfield,17,33.1812035,-102.2743489
Northfield,17,44.4582983,-93.161604
Newnan,17,33.3806716,-84.79965729999999
Pearl,17,29.4424252,-98.4795944
Punta Gorda,17,26.9297836,-82.0453664
Greeley,17,40.4233142,-104.7091322
Rogers,17,36.3340116,-94.1593785
Windsor,17,37.0435928,-95.65879179999999
Grinnell,17,41.74340919999999,-92.7232456
Laplace,16,30.0665907,-90.4800848
North Myrtle Beach,16,33.8160058,-78.680016
Edmond,16,35.6528323,-97.47809540000002
Dentsville,16,34.0640426,-80.9581451
Leander,16,30.5788055,-97.8530686
Saint Augustine,16,29.9012437,-81.31243409999999
West Odessa,16,31.8419794,-102.4965061
Kingsville,16,27.5158689,-97.85610899999999
Cimarron Hills,16,30.63875179999999,-97.7936658
Williston,16,48.1469683,-103.6179745
Rockport,16,40.7647167,-73.978492
Yukon,16,64.2823274,-135
Alamosa,16,37.4694491,-105.8700214
Piney Green,16,34.7268215,-77.32015609999999
Coralville,16,41.6822756,-91.5960643
Union City,16,37.5933562,-122.0438609
Belton,16,31.0560132,-97.46445299999999
New Albany,16,40.0812545,-82.80874179999999
Sartell,16,45.6216318,-94.2069365
North Mankato,16,44.1732996,-94.033845
Galveston,16,29.3013479,-94.7976958
Front Royal,16,38.9181671,-78.1944446
Terre Haute,16,39.4667034,-87.41390919999999
Prichard,16,30.74515449999999,-88.0896618
Cape Coral,16,26.5628537,-81.9495331
Nashville,16,36.1626638,-86.7816016
Cairo,16,30.0444196,31.2357116
Uvalde,16,29.20968359999999,-99.7861679
Hickory,16,35.7344538,-81.3444573
Sand Springs,16,36.1398102,-96.108891
Festus,16,38.2206101,-90.3959543
Loveland,16,40.3977612,-105.0749801
Logansport,15,40.7544843,-86.3566659
Herrin,15,37.80310559999999,-89.02757439999999
Sherman,15,33.6356618,-96.6088805
Oxbow,15,38.3015876,-122.2816788
Oil City,15,41.4339484,-79.7064413
Thomasville,15,30.8365815,-83.9787808
West Point,15,41.3914827,-73.95597210000001
Gallatin,15,36.3883809,-86.4466599
Onalaska,15,43.8844092,-91.23513930000001
Bristol,15,51.454513,-2.58791
Thibodaux,15,29.7957633,-90.82287099999999
Iowa City,15,41.6611277,-91.5301683
Raymondville,15,26.4814565,-97.783051
Little Rock,15,34.7464809,-92.28959479999999
Naples,15,26.1420358,-81.7948103
Timberlake,15,36.573156,-95.8351138
Valparaiso,15,41.4730948,-87.0611412
Tomball,15,30.0971621,-95.6160549
Waconia,15,44.8504317,-93.7876429
Crawfordsville,15,40.0411536,-86.87445160000001
Rock Island,15,41.5094771,-90.5787476
Mandeville,15,30.35825059999999,-90.06563109999999
Mustang,15,37.16979370000001,-94.454939
Fort Atkinson,15,42.9288944,-88.8370509
Estelle,15,38.5809836,-121.4988886
Seymour,15,38.9592201,-85.8902547
Winslow,14,35.0241873,-110.6973571
Plover,14,44.4563579,-89.5440069
Franklin,14,35.9250637,-86.8688899
Highland Springs,14,37.1134283,-93.2181124
Fruitville,14,27.3297684,-82.45759559999999
Sidney,14,40.7483337,-95.64749590000001
Andrews,14,37.2251014,-95.7017211
Avon Park,14,27.5958672,-81.5061862
Sebring,14,27.495592,-81.440907
Trinidad,14,10.691803,-61.222503
Billings,14,45.7832856,-108.5006904
Beecher,14,41.34059,-87.6214286
West Helena,14,34.550177,-90.6413226
Davenport,14,41.5236437,-90.5776367
Casper,14,40.7107883,-74.0116965
Rincon,14,18.3402164,-67.2500174
Ruidoso,14,33.3672525,-105.6588485
Chalmette,14,29.942783,-89.9635162
Canon City,14,38.4494063,-105.2253316
Taylor,14,37.0321072,-95.6352855
Petersburg,14,37.2279279,-77.40192669999999
Faribault,14,44.2949636,-93.268827
Irmo,14,34.0859829,-81.1831513
Winona,14,44.0553908,-91.6663523
Jesup,14,31.6074365,-81.8853924
Bixby,14,35.9420431,-95.88332349999999
Owatonna,13,44.0855572,-93.2259349
Marathon,13,36.1590741,-95.98191899999999
Godfrey,13,37.76170940000001,-94.7099626
Key Largo,13,25.0865151,-80.4472802
Kilgore,13,32.3862619,-94.87577089999999
Kenner,13,29.9940924,-90.2417434
El Campo,13,29.19664049999999,-96.2696867
Belvidere,13,42.2639098,-88.84426739999999
Lima,13,-12.0463731,-77.042754
Peoria,13,40.6936488,-89.5889864
Sioux City,13,42.4963416,-96.40494079999999
Kokomo,13,40.486427,-86.13360329999999
Back Mountain,13,41.33583,-75.99667
Owosso,13,42.9978049,-84.1766358
Centerville,13,39.6283928,-84.15938179999999
Martinsburg,13,39.4562099,-77.96388689999999
Flagstaff,13,35.1982836,-111.651302
La Porte,13,29.6657838,-95.0193728
Rome,13,41.9027835,12.4963655
West Monroe,13,32.5184775,-92.14763529999999
Olean,13,42.083639,-78.42992699999999
Hueytown,13,33.4512197,-86.9966606
East Moline,13,41.5008673,-90.4442979
North Vernon,13,39.006165,-85.6235796
Prior Lake,13,44.7132969,-93.4227274
Muncie,13,40.1933767,-85.3863599
Galesburg,13,40.94781580000001,-90.3712395
Estevan,13,49.1390842,-102.9914806
Lehigh Acres,13,26.6253497,-81.6248026
Bennettsville,13,34.6173803,-79.68478139999999
Laramie,13,41.3113669,-105.5911007
Nixa,13,37.0433863,-93.294353
Chillicothe,13,39.3331197,-82.9824019
Ferry Pass,13,30.5101959,-87.2124711
Smyrna,12,33.8839926,-84.51437609999999
Seguin,12,29.5688411,-97.9647269
Cedartown,12,34.0112715,-85.25658229999999
Montclair,12,40.8259007,-74.2090053
Sanford,12,43.5356179,-96.7431672
Elmira,12,42.0897965,-76.8077338
Kaukauna,12,44.2780432,-88.27205029999999
Meadville,12,41.6414438,-80.15144839999999
Streator,12,41.12086679999999,-88.835352
Martinez,12,38.0193657,-122.1341321
Neenah,12,44.1858193,-88.462609
Niceville,12,30.5168639,-86.48217199999999
Hope Mills,12,34.9704419,-78.9453056
Atascocita,12,29.99883059999999,-95.1765978
Frankfort,12,38.2009055,-84.87328350000001
Morgan City,12,29.6993748,-91.20676999999999
Las Vegas,12,36.1699412,-115.1398296
Brunswick,12,43.9140162,-69.966996
Angleton,12,29.16941,-95.4318847
Green River,12,40.8906867,-109.5396482
Moss Point,12,30.4115881,-88.53446009999999
Key West,12,24.5550593,-81.7799871
Sherwood,12,45.3563261,-122.8402749
Martin,12,37.2252588,-95.7163087
Elko,12,40.8324211,-115.7631232
Marquette,12,43.0388337,-87.92856669999999
Defiance,12,41.2844933,-84.3557802
Rapid City,12,44.0805434,-103.2310149
Dunn,12,35.3062743,-78.6089028
Wichita,12,37.68717609999999,-97.33005299999999
Morden,12,49.192329,-98.0977324
Redlands,12,34.0555693,-117.1825381
Norwalk,12,41.11774399999999,-73.4081575
Goose Creek,12,37.2996986,-84.9499706
Union,12,37.034684,-95.620221
Saginaw,12,43.4194699,-83.9508068
Slidell,12,30.2751945,-89.78117449999999
Pleasanton,12,37.6604484,-121.8757968
Rock Hill,12,34.9248667,-81.02507840000001
Lincolnton,12,35.473745,-81.2545251
New Castle,12,39.6620397,-75.5668166
Terrell,11,32.7359626,-96.2752569
Palmetto,11,27.5214269,-82.57231929999999
Payson,11,34.2308684,-111.3251355
Idaho Falls,11,43.49266069999999,-112.0407584
Castle Rock,11,39.3722121,-104.8560902
Blackfoot,11,43.19047090000001,-112.3449773
Carnduff,11,49.17393790000001,-101.7958095
Soddy-Daisy,11,35.2359025,-85.1907904
Lewisburg,11,40.9645293,-76.8844101
Bentonville,11,36.3728538,-94.2088172
Morganton,11,35.7454071,-81.6848188
Blue Springs,11,39.012689,-94.2888179
Carlsbad,11,33.1580933,-117.3505939
Hopewell,11,37.3043154,-77.28720009999999
Bloomingdale,11,41.9575285,-88.0809036
Santa Fe,11,35.6869752,-105.937799
Lock Haven,11,41.1370133,-77.4469263
Forest Lake,11,45.2788561,-92.9852183
Harrisonburg,11,38.4495688,-78.8689155
Celina,11,33.3185841,-96.7781191
Englewood,11,39.6477653,-104.9877597
Denham Springs,11,30.48685639999999,-90.95621249999999
Carlisle,11,40.2010241,-77.20027449999999
Xenia,11,39.6847822,-83.9296526
Wisconsin Rapids,11,44.38357630000001,-89.8173465
Mechanicsville,11,37.6087561,-77.3733139
Wooster,11,40.8050565,-81.935143
Pulaski,11,37.0478982,-80.7797935
Maumelle,11,34.8667565,-92.4043219
Lenoir City,11,35.7972998,-84.2560299
Temple,11,37.0421218,-95.62739719999999
Cadillac,11,36.1057394,-95.88567959999999
River Falls,11,44.8613563,-92.6238082
Chico,11,36.132991,-95.963005
Mount Airy,11,36.4993007,-80.6072858
Corning,11,36.0962615,-78.85217270000001
Hagerstown,11,39.6417629,-77.71999319999999
Laurinburg,11,34.7740494,-79.46282479999999
Pearland,11,29.5635666,-95.2860474
Lake Wales,11,27.9014133,-81.58590989999999
Kalamazoo,11,42.2917069,-85.5872286
Tarboro,11,35.8968236,-77.5358049
Wabash,11,40.797821,-85.8205411
Oneida,11,43.0925684,-75.65129309999999
Ocean Springs,11,30.4113097,-88.8278057
Traverse City,11,44.7630567,-85.62063169999999
Tulsa,11,36.1539816,-95.99277500000001
Circleville,10,39.600618,-82.9460133
Fort Madison,10,40.6297634,-91.31453499999999
Woodstock,10,42.0409247,-74.1181971
Mankato,10,44.1635775,-93.99939959999999
Wausau,10,44.9591352,-89.6301221
Midlothian,10,32.482361,-96.9944489
Kenora,10,49.7670416,-94.4893924
Corpus Christi,10,27.8005828,-97.39638099999999
Easley,10,34.829838,-82.6015206
Oklahoma City,10,35.4675602,-97.5164276
Kingsport,10,36.548434,-82.5618186
Winnemucca,10,40.9729584,-117.7356849
Bourbonnais,10,41.1760108,-87.87952299999999
Ridgeland,10,32.4284761,-90.1323087
Port Huron,10,42.9708634,-82.42491419999999
Cambridge,10,52.2042666,0.1149085
Uniontown,10,39.900076,-79.71643259999999
La Vergne,10,36.0156178,-86.5819394
Napoleon,10,39.131397,-94.07077869999999
Calhoun,10,34.502587,-84.9510542
Rosenberg,10,29.5571825,-95.80856229999999
Greenfield,10,42.9614039,-88.0125865
Greeneville,10,36.1631574,-82.83098609999999
Kingsland,10,30.6582405,-98.44058489999999
Baytown,10,29.7355047,-94.97742740000001
Wellington,10,-41.2864603,174.776236
Beaver Dam,10,43.4577692,-88.837329
Gardner,10,40.9820003,-82.7437903
Lake Jackson,10,29.0338575,-95.4343859
Binghamton,10,42.09868669999999,-75.91797380000001
Goshen,10,41.5822716,-85.8344383
Rockledge,10,28.3164498,-80.72698539999999
Golden Gate,10,37.8199286,-122.4782551
Eatonton,10,33.3267997,-83.3884961
Denton,10,33.2148412,-97.13306829999999
Hartford,10,41.7658043,-72.6733723
Erie,10,42.12922409999999,-80.085059
Harvard,10,42.3770029,-71.11666009999999
Lakeland Highlands,10,27.9597462,-81.9500829
Show Low,10,34.2542084,-110.0298327
Port Saint Lucie,10,27.2730492,-80.3582261
Tampa,10,27.950575,-82.4571776
Greencastle,10,39.6444898,-86.8647316
Johnstown,10,40.32674069999999,-78.9219698
Valley Station,9,38.1024697,-85.871012
Bartow,9,27.8964147,-81.8431374
Rock Falls,9,41.7797533,-89.68899669999999
Robinson,9,37.01284,-95.61583999999999
Bardstown,9,37.8092279,-85.46690249999999
Superior,9,36.3054551,-94.1271506
Rochelle,9,41.9239178,-89.0687073
New Smyrna Beach,9,29.0258191,-80.9269984
Assiniboia,9,49.63356719999999,-105.991792
Melbourne,9,-37.8136276,144.9630576
Immokalee,9,26.4185248,-81.4174057
Boynton Beach,9,26.5317866,-80.0905465
Martinsville,9,36.6915262,-79.8725386
Harlingen,9,26.1906306,-97.69610259999999
Howell,9,40.1645785,-74.2082671
Kerrville,9,30.0474332,-99.1403189
Stoughton,9,42.1229099,-71.10920120000002
Gaffney,9,35.0717945,-81.64981949999999
Mount Juliet,9,36.200055,-86.5186054
Waynesboro,9,38.0684692,-78.8894682
Lakeway,9,30.3679788,-97.99167899999999
Orange Park,9,30.1660736,-81.706484
Angola,9,-11.202692,17.873887
Chubbuck,9,42.9207477,-112.4660912
Kyle,9,29.9891052,-97.87722670000001
Statesville,9,35.7826363,-80.8872959
Glen Allen,9,37.665978,-77.5063739
Scranton,9,41.408969,-75.66241219999999
Butler,9,37.807307,-96.882999
Mansfield,9,32.5631924,-97.1416768
Saint Peters,9,38.7874699,-90.6298922
Chambersburg,9,39.9375911,-77.6611022
Endicott,9,42.5531918,-70.8408093
Vidor,9,30.1316001,-94.0154541
Edgewater,9,28.9888754,-80.9022758
Mooresville,9,35.5859146,-80.8081413
Hibbing,9,47.42715459999999,-92.9376887
Shaunavon,9,49.6463379,-108.4215787
Missouri City,9,29.6185669,-95.5377215
Goodlettsville,9,36.3231066,-86.7133302
Eden,9,41.8853261,-87.6711122
Artesia,9,33.8658484,-118.0831212
Wapakoneta,9,40.5678265,-84.1935594
Fenton,9,38.5126456,-90.4429881
Katy,9,29.7857765,-95.8245093
Bradley,9,40.6977743,-89.6153484
State College,9,40.7933949,-77.8600012
Lutz,9,28.1511243,-82.4614831
Marysville,9,48.0517637,-122.1770818
Lansing,9,42.732535,-84.5555347
Amsterdam,9,52.3666969,4.8945398
Bessemer,9,33.4017766,-86.954437
Saint Charles,9,38.7881062,-90.4974359
Beaumont,8,30.080174,-94.1265562
Hendersonville,8,35.3187279,-82.4609528
Boissevain,8,49.2304365,-100.0595039
Derby,8,52.9225301,-1.4746186
Great Falls,8,38.9987208,-77.2538699
Somers,8,41.29963050000001,-73.7360175
Lovington,8,32.9440077,-103.3485543
Dover,8,39.158168,-75.5243682
Panama City,8,30.1588129,-85.6602058
Fairborn,8,39.8208925,-84.01937889999999
West Bend,8,43.4252776,-88.1834277
Mobile,8,36.723521,-95.93437
Sturgis,8,44.4097069,-103.5090786
Sevierville,8,35.8681455,-83.56183500000002
Canyon Lake,8,29.8752177,-98.2625127
Boca Raton,8,26.3683064,-80.1289321
Winder,8,33.9926097,-83.7201709
Moses Lake,8,47.1301417,-119.2780771
Battle Creek,8,42.3211522,-85.17971419999999
Sarasota,8,27.3364347,-82.53065269999999
San Marcos,8,29.8832749,-97.9413941
Dixon,8,38.4454641,-121.8232958
Orange,8,33.7879139,-117.8531007
San Benito,8,26.132576,-97.6311006
East Brainerd,8,35.0153686,-85.1119641
Rockingham,8,34.9393201,-79.7739457
Anniston,8,33.6598257,-85.8316318
Big Rapids,8,43.6980782,-85.4836557
Hailey,8,43.51962880000001,-114.3153245
Arlington,8,32.735687,-97.10806559999999
Michigan City,8,41.70753939999999,-86.8950297
Lyndon,8,38.2567376,-85.60162749999999
Pflugerville,8,30.4548451,-97.6222665
Powell,8,36.6228496,-94.18076429999999
Hinesville,8,31.8315028,-81.6141099
Buffalo,8,42.88644679999999,-78.8783689
Morton,8,36.1743875,-95.98140769999999
Rosaryville,8,30.4325836,-90.5208431
Sun Prairie,8,43.1836046,-89.2137254
Frederick,8,39.41426879999999,-77.4105409
Lady Lake,8,28.9174855,-81.92286039999999
Waxahachie,8,32.3865312,-96.8483311
Alma,8,44.983884,-93.248088
Ankeny,8,41.7317884,-93.6001278
Pittsfield,8,42.4500845,-73.2453824
Biloxi,8,30.3960318,-88.88530779999999
Wright,8,37.037021,-95.61610259999999
North Augusta,8,33.5018026,-81.9651152
Leeds,8,53.8007554,-1.5490774
Yeehaw Junction,8,27.7003087,-80.9042283
Pensacola,8,30.42130899999999,-87.2169149
Kingston,8,41.9270367,-73.9973608
Brownsburg,7,39.8433769,-86.39777350000001
Eau Claire,7,44.811349,-91.4984941
Wilmington Island,7,32.0035477,-80.97372299999999
Riverton,7,40.521893,-111.9391023
Homestead,7,25.4687224,-80.4775569
Clemmons,7,36.0215258,-80.3819984
Port Jervis,7,41.3750937,-74.692663
Brentwood,7,36.0331164,-86.78277720000001
Palm Bay,7,28.0344621,-80.5886646
Andover,7,42.6471655,-71.13227959999999
Cedar City,7,37.67747689999999,-113.0618931
Holland,7,52.132633,5.291265999999999
Temple Terrace,7,28.0352964,-82.3892596
Spartanburg,7,34.9495672,-81.9320482
Red Bank,7,40.3470543,-74.0643065
Lakeside,7,41.2739739,-85.8517425
Cape Canaveral,7,28.4740089,-80.5771737
Niles,7,42.0189191,-87.80284019999999
Gastonia,7,35.262082,-81.18730049999999
Stockbridge,7,33.5442781,-84.23380929999999
Pascagoula,7,30.3657552,-88.5561272
Zephyrhills,7,28.2336196,-82.18119469999999
Noblesville,7,40.0455917,-86.0085955
Utica,7,43.100903,-75.232664
Dalton,7,34.7698021,-84.9702228
Merced,7,37.3021632,-120.4829677
The Village,7,36.7293307,-95.9062477
Granger,7,38.9497194,-94.758141
Newport News,7,37.0870821,-76.4730122
Saint Pete Beach,7,27.7428134,-82.7504542
Commerce,7,34.0005691,-118.1597929
Sheridan,7,44.7971939,-106.9561791
Fort Pierce,7,27.4467056,-80.3256056
Florida Ridge,7,27.5803121,-80.3867178
Price,7,39.1063225,-94.5137347
Conneaut,7,41.9475551,-80.5542409
Winston,7,35.220252,-97.44406699999999
Bloomsburg,7,41.003698,-76.4549457
Canandaigua,7,42.887535,-77.2816984
Dallas,7,32.7766642,-96.79698789999999
Bonham,7,33.5773275,-96.1783111
Waunakee,7,43.1919373,-89.45567489999999
La Marque,7,29.3685674,-94.9713134
Durham,7,35.9940329,-78.898619
Myrtle Grove,7,30.4210312,-87.3074736
Westwego,7,29.9060388,-90.14229619999999
Zanesville,7,39.9403453,-82.0131924
Ionia,7,42.9872547,-85.07111739999999
Destin,7,30.3935337,-86.4957833
South Bend,7,41.6763545,-86.25198979999999
Keller,7,32.9341893,-97.229298
Iona,7,40.92515179999999,-73.78856290000002
Hobbs,7,37.1557452,-95.59678029999999
Joppatowne,7,39.4254523,-76.3682498
Fort Walton Beach,7,30.42007079999999,-86.6170308
East Stroudsburg,7,41.0030522,-75.1817547
Atoka,7,34.3859257,-96.12832519999999
Smithfield,7,36.9823709,-76.63106619999999
Alvin,7,29.4238472,-95.24410089999999
Miami Beach,7,25.790654,-80.1300455
Chesapeake,7,36.7682088,-76.2874927
Talladega,7,33.4359416,-86.1058048
Horn Lake,7,34.9553719,-90.03481389999999
Oswego,7,43.4553461,-76.5104973
Bellview,7,30.4615858,-87.3149742
Tuckahoe,7,40.9503764,-73.827356
Northampton,7,42.3250896,-72.64120129999999
Parkersburg,7,39.2667418,-81.56151349999999
Massillon,7,40.7967244,-81.52150929999999
Millinocket,7,45.6572639,-68.70981189999999
Walker,7,37.09024,-95.712891
De Land,7,29.028318,-81.3031179
Deloraine,6,-41.5348943,146.66163
Knoxville,6,35.9606384,-83.9207392
Clermont,6,28.5494447,-81.77285429999999
Oregon,6,43.8041334,-120.5542012
Kissimmee,6,28.2919557,-81.40757099999999
Wake Forest,6,36.1355052,-80.2791958
New Milford,6,41.5770433,-73.4085463
Madison Heights,6,42.4858692,-83.1052028
Bethany,6,40.7799465,-89.70526989999999
East Bethel,6,45.3194095,-93.20244869999999
Hallandale Beach,6,25.9812024,-80.14837899999999
Hermitage,6,36.1988486,-86.6197777
North Port,6,27.044224,-82.2359254
Rocky Mount,6,35.9382103,-77.7905339
The Hammocks,6,25.6697668,-80.4493073
New Orleans,6,29.95106579999999,-90.0715323
Haslett,6,42.74697889999999,-84.40108479999999
Bradenton,6,27.4989278,-82.5748194
Hilton Head Island,6,32.216316,-80.752608
Bluffton,6,32.2371465,-80.8603868
Tiffin,6,37.9550326,-93.9382722
Newport,6,41.4901024,-71.3128285
Pataskala,6,39.9956193,-82.6743341
Whitewater,6,42.83362049999999,-88.7323272
Daytona Beach,6,29.2108147,-81.0228331
Sedona,6,34.8697395,-111.7609896
Plainfield,6,39.70421229999999,-86.39943869999999
La Vista,6,41.18388780000001,-96.031127
Las Cruces,6,32.3199396,-106.7636538
Berwick,6,41.0545292,-76.23326759999999
Oak Ridge,6,36.0103561,-84.26964490000002
Omaha,6,41.2565369,-95.9345034
New Haven,6,41.308274,-72.9278835
Gladstone,6,39.2038918,-94.554677
Atlantic Beach,6,30.3344077,-81.398696
Hewitt,6,31.46239019999999,-97.1958377
Peachtree City,6,33.3968557,-84.59634319999999
Midwest City,6,35.4495065,-97.3967019
Fountain,6,34.7493372,-77.41990349999999
Fort Worth,6,32.7554883,-97.3307658
Dania Beach,6,26.052311,-80.1439343
Verona,6,45.43838419999999,10.9916215
Eagle Pass,6,28.7091433,-100.4995214
Long Beach,6,33.7700504,-118.1937395
Virginia Beach,6,36.8529263,-75.97798499999999
North Little Rock,6,34.769536,-92.2670941
Benbrook,6,32.673188,-97.4605759
Channelview,6,29.7760599,-95.11465330000001
Hampton,6,37.0298687,-76.34522179999999
Socastee,6,33.683504,-78.9983676
Benton Harbor,6,42.1167065,-86.45418939999999
Denison,6,33.7556593,-96.53665799999999
Grove City,6,41.15783769999999,-80.08867029999999
Seminole,6,28.7131688,-81.20781640000001
Olive Branch,6,34.9617604,-89.8295315
Olathe,6,38.8813958,-94.81912849999999
Baton Rouge,6,30.4514677,-91.18714659999999
Salem,6,42.51954,-70.8967155
Medina,6,24.5246542,39.5691841
Fort Oglethorpe,6,34.9489645,-85.2569
Cornelius,6,35.4868032,-80.86007359999999
Pasadena,5,34.1477849,-118.1445155
Elk River,5,45.33772829999999,-93.56911219999999
Northview,5,39.2082118,-96.561044
Colonial Heights,5,37.244039,-77.4102607
Eustis,5,28.8527675,-81.6853534
Durango,5,37.27528,-107.8800667
Sugar Land,5,29.5984434,-95.6225521
Haines City,5,28.1141841,-81.61785359999999
Manassas Park,5,38.7840035,-77.4697111
Escanaba,5,45.74524659999999,-87.06458010000001
Davie,5,26.0764783,-80.25211569999999
Sandusky,5,41.4561754,-82.71168209999999
Belgrade,5,44.786568,20.4489216
Fairburn,5,33.5670562,-84.5810418
Hobe Sound,5,27.059498,-80.1364323
Tavares,5,28.8041579,-81.725632
Fernandina Beach,5,30.6696818,-81.46259189999999
Hanover,5,43.7022451,-72.2895526
Elwood,5,40.27698340000001,-85.8419246
Morgantown,5,39.629526,-79.95589679999999
Blacklick Estates,5,39.90506389999999,-82.86434349999999
Laurens,5,34.4990116,-82.0142597
Bellmead,5,31.5989517,-97.0894496
Alpharetta,5,34.0753762,-84.2940899
Adrian,5,41.8975471,-84.03716589999999
Channahon,5,41.4294753,-88.2286735
Waynesville,5,35.4887145,-82.98874769999999
Preston,5,37.2298479,-80.4297453
Bradford,5,53.795984,-1.759398
Largo,5,27.9094665,-82.7873244
Fort Thomas,5,39.07506070000001,-84.4471633
Pinellas Park,5,27.8428025,-82.6995443
Palm Beach Gardens,5,26.8396096,-80.1019144
Myrtle Beach,5,33.6890603,-78.8866943
Rexburg,5,43.8231096,-111.7924237
Leavenworth,5,47.5962326,-120.6614765
Craig,5,40.5152491,-107.5464541
Kirby,5,36.048099,-95.79782
Fern Creek,5,38.1651485,-85.59915029999999
Gloversville,5,43.0528506,-74.3437467
Weiser,5,44.2509976,-116.9693327
Hialeah,5,25.8575963,-80.2781057
New Lenox,5,41.5119761,-87.9656098
Fort Lauderdale,5,26.1224386,-80.13731740000001
Kernersville,5,36.1198588,-80.07365329999999
Pottsville,5,40.6856456,-76.195499
Bettendorf,5,41.5262641,-90.50725729999999
Westminster,5,33.7591757,-117.9897058
Kingman,5,35.189443,-114.0530065
Dekalb,5,41.9294736,-88.75036469999999
Royal Palm Beach,5,26.7083984,-80.2306019
Texas City,5,29.383845,-94.9027002
Vero Beach,5,27.6386434,-80.39727359999999
Houlton,5,46.1261806,-67.8402316
Manassas,5,38.7509488,-77.47526669999999
Fresno,5,36.7377981,-119.7871247
Winkler,5,49.1801103,-97.93894739999999
Clifton,5,40.8584328,-74.16375529999999
Elkhart,5,41.6819935,-85.9766671
Beloit,5,42.5083482,-89.03177649999999
Taos,5,36.4072485,-105.5730665
Delaware,5,38.9108325,-75.52766989999999
Bernalillo,5,35.30004,-106.5511369
Hoover,5,36.3606376,-94.2207344
Port Arthur,5,29.8849504,-93.93994699999999
Irving,5,32.8140177,-96.9488945
Jenks,5,36.0228734,-95.9683278
Albemarle,5,38.0567092,-78.6114999
White Oak,5,36.6844231,-95.33116520000002
Lakeland,5,28.0394654,-81.9498042
Woodbury,5,41.3645382,-74.1059775
Staunton,5,38.149576,-79.0716958
Radford,5,37.13179239999999,-80.5764477
Ennis,5,32.3293111,-96.6252679
Millington,5,35.3414744,-89.8973084
Fuquay-Varina,5,35.5843235,-78.80001279999999
Metairie,5,29.9840922,-90.1528519
Galion,5,40.7336687,-82.78990259999999
Pompano Beach,5,26.2378597,-80.1247667
Auburndale,5,28.0652975,-81.7886906
Roanoke,5,35.8897427,-75.66153840000001
Rockwall,5,32.93123360000001,-96.4597089
Jerome,5,34.7489107,-112.1137716
Beaver Falls,5,40.7520097,-80.31922949999999
Gallup,5,35.5280783,-108.7425843
Mercedes,5,37.0560905,-94.476128
Newark,5,40.735657,-74.1723667
Bridgton,5,44.0548021,-70.71286839999999
Concord,5,37.9779776,-122.0310733
Little Elm,5,33.1626193,-96.9375051
Fort Stewart,5,31.8690667,-81.6089873
Coatesville,5,39.9831616,-75.8238355
Naples Park,5,26.2617534,-81.80925429999999
Lewiston,5,44.100351,-70.21477639999999
Longmont,5,40.1672068,-105.1019275
Sheboygan,5,43.7508284,-87.71453
Fostoria,5,41.156998,-83.41687019999999
Perris,4,33.7825194,-117.2286478
Havre,4,48.549999,-109.6840887
Pendleton,4,36.132395,-95.965205
Reisterstown,4,39.4695489,-76.82942129999999
Astoria,4,40.7643574,-73.92346189999999
Howard,4,38.9226843,-77.0194377
Palm Springs,4,33.8302961,-116.5452921
Westfield,4,39.1157318,-94.7691993
Hershey,4,40.2859239,-76.65024679999999
Salmon Creek,4,45.7106718,-122.6489869
Daphne,4,30.6035255,-87.9036047
Saint Albans,4,38.3793695,-81.8191658
Kings Mountain,4,35.2451342,-81.34119419999999
Aldine,4,29.9014029,-95.4001057
Bend,4,44.0581728,-121.3153096
Mission,4,37.0391825,-95.61429919999999
Seagoville,4,32.6395776,-96.53832279999999
De Pere,4,44.4488805,-88.0603806
Mesquite,4,32.76679550000001,-96.5991593
Citrus Park,4,28.0783497,-82.5698192
Gantt,4,34.7743829,-82.40484230000001
Jacksonville Beach,4,30.2841224,-81.3961338
Reading,4,40.3356483,-75.9268747
Sebastian,4,27.816415,-80.4706078
Saint Michael,4,40.1426935,-74.8184155
Laredo,4,27.5035613,-99.5075519
Clarksburg,4,39.2387164,-77.27942879999999
Fort Wayne,4,41.079273,-85.1393513
Cayce,4,33.96570910000001,-81.0739827
Killeen,4,31.1171194,-97.72779589999999
Cheney,4,47.4873895,-117.5757622
Lakeville,4,44.6496868,-93.24271999999999
Wylie,4,33.0151201,-96.5388789
League City,4,29.5074538,-95.0949303
Simpsonville,4,34.7370639,-82.25428339999999
Houston,4,29.7604267,-95.3698028
Baker City,4,44.7748748,-117.8343848
Port Saint John,4,28.4769458,-80.7886657
Ojinaga,4,29.5458844,-104.4082908
Fitchburg,4,42.5834228,-71.8022955
Mount Holly,4,35.2981943,-81.01590809999999
North Fort Myers,4,26.6672935,-81.8800861
Middle Valley,4,35.1959036,-85.18467849999999
Vestavia Hills,4,33.4487183,-86.7877668
Rawlins,4,41.7910697,-107.2386627
Winter Garden,4,28.5652787,-81.58618469999999
Aransas Pass,4,27.909532,-97.15055609999999
Grants,4,35.14726,-107.8514466
Hudson,4,42.2528649,-73.790959
Encinitas,4,33.0369867,-117.2919818
Bennington,4,42.8781345,-73.1967741
Menasha,4,44.2022084,-88.44649729999999
Fredonia,4,42.4400576,-79.3317105
Cutlerville,4,42.8407024,-85.6636305
Rupert,4,42.6190756,-113.6772348
Redmond,4,47.6739881,-122.121512
Marietta,4,33.95260200000001,-84.5499327
Alamogordo,4,32.8995325,-105.960265
Leisure City,4,25.4953878,-80.42922229999999
Chester,4,39.849557,-75.3557457
Caribou,4,37.0069866,-94.55230410000001
Johnson City,4,36.3134397,-82.3534727
La Salle,4,40.0386037,-75.1566354
Oconomowoc,4,43.1116731,-88.4992659
Beckley,4,37.7781702,-81.1881557
North Potomac,4,39.097769,-77.2347674
Bayshore Gardens,4,27.4253195,-82.5903757
Woodway,4,31.5059998,-97.20500550000001
Jupiter,4,36.0725743,-95.88868599999999
Burleson,4,32.5420821,-97.3208492
Cocoa Beach,4,28.3200067,-80.6075513
Germantown,4,35.0867577,-89.8100858
Weslaco,4,26.1595194,-97.9908366
Prescott Valley,4,34.6100243,-112.315721
Yakima,4,46.6020711,-120.5058987
Middleton,4,43.09721740000001,-89.5042876
Schertz,4,29.5521737,-98.269734
Bayonet Point,4,28.3243951,-82.68518279999999
Indianapolis,4,39.768403,-86.158068
Danbury,4,41.394817,-73.4540111
Delray Beach,4,26.4614625,-80.0728201
Granite City,4,39.2488061,-94.6608176
Dundalk,4,39.2506633,-76.5205184
Cypress Gardens,4,33.0520569,-79.95401939999999
Yucca Valley,4,34.1141743,-116.432235
Polson,4,47.69320039999999,-114.1631275
Del City,4,35.4420062,-97.4408698
Colorado Springs,4,38.8338816,-104.8213634
Syracuse,4,43.0481221,-76.14742439999999
North Versailles,4,40.3797913,-79.8094916
Forest Acres,4,34.019322,-80.98981280000001
Findlay,4,41.04422,-83.6499321
Muskego,4,42.905848,-88.13897790000001
Allen,4,33.1031744,-96.67055030000002
Asheboro,4,35.7079146,-79.8136446
Presque Isle,4,46.68115299999999,-68.01586139999999
Cortland,4,42.6011813,-76.1804843
Fort Myers Beach,4,26.4520248,-81.948145
Webb City,4,37.1464475,-94.4630035
Socorro,4,34.0583995,-106.8914159
Frisco,4,33.1506744,-96.82361159999999
Bellaire,4,29.7057858,-95.4588299
Hollins,4,37.3561559,-79.9423778
Sun Valley,4,43.6971294,-114.3517172
Hanahan,4,32.9305786,-80.0031833
Alcoa,4,34.0652656,-93.08221429999999
Cockeysville,4,39.4812172,-76.6438598
Easton,4,40.0505153,-82.915308
Savannah,4,32.0808989,-81.091203
Southern Pines,4,35.1740471,-79.3922539
New York,4,40.7127753,-74.0059728
Connersville,4,39.6411589,-85.1410748
Palm Valley,4,30.522538,-97.6457823
Raytown,4,39.0086171,-94.46356379999999
Stafford,4,38.4220687,-77.4083086
Mishawaka,4,41.6619927,-86.15861559999999
Micco,4,27.8760661,-80.501644
Des Moines,4,41.5868353,-93.6249593
Livingston,4,40.7862871,-74.3300842
San Antonio,4,29.4241219,-98.49362819999999
Praxedis Guerrero,4,31.3710969,-106.0081819
Carrboro,4,35.9101438,-79.0752895
Rumford,4,44.5536606,-70.55088289999999
Madera,3,36.9613356,-120.0607176
Mango,3,36.0602628,-95.86781909999999
Richton Park,3,41.484479,-87.7033787
Barnstead,3,43.33891939999999,-71.2782381
Bethel,3,37.2518524,-95.2314827
Hermiston,3,45.8404101,-119.2894604
Saint Simons,3,31.1595905,-81.3885517
Country Club,3,37.256297,-95.71584999999999
Manitowoc,3,44.0886059,-87.657584
Ormond Beach,3,29.2858129,-81.0558894
Mint Hill,3,35.1735404,-80.6570304
Colonial Park,3,33.8585151,-98.51901319999999
Mastic,3,40.8020431,-72.84093589999999
Santa Cruz,3,36.9741171,-122.0307963
Mims,3,28.6655767,-80.8449828
Hayesville,3,35.0462003,-83.81795269999999
Perrysburg,3,41.556996,-83.627157
Sierra Vista,3,31.5455001,-110.2772856
Pocatello,3,42.8621042,-112.4506191
Ladson,3,32.9857275,-80.1098123
Rio Linda,3,38.69101380000001,-121.4485654
La Grande,3,45.3245771,-118.0877188
Lodi,3,38.1341477,-121.2722194
Port Orange,3,29.1383165,-80.9956105
Casa Grande,3,32.9110027,-111.7733902
Greensboro,3,36.0726354,-79.7919754
Garner,3,35.7112642,-78.61417089999999
Pinehurst,3,35.1954345,-79.4694767
Rockford,3,42.2711311,-89.0939952
Southaven,3,34.9918587,-90.0022958
Oldsmar,3,28.0341847,-82.6650992
Romeoville,3,41.6475306,-88.0895061
Dunmore,3,41.4198027,-75.63241119999999
Friendswood,3,29.5293998,-95.2010447
Lenoir,3,35.9140196,-81.5389849
Mendota,3,41.5472547,-89.11758510000001
Baker,3,36.098296,-95.891132
New Philadelphia,3,40.4897871,-81.4456706
Okolona,3,38.1353318,-85.68393619999999
Saint Matthews,3,38.2435659,-85.63577889999999
York,3,39.9625984,-76.727745
Mound,3,44.9366295,-93.66607189999999
Chowchilla,3,37.1229997,-120.2601754
Pennsville,3,39.6284514,-75.4984978
Trenton,3,40.2205824,-74.759717
Lynchburg,3,37.4137536,-79.14224639999999
Glenn Heights,3,32.5607058,-96.85688979999999
Titusville,3,28.6122187,-80.8075537
Zionsville,3,39.9508733,-86.261937
Atlanta,3,33.7489954,-84.3879824
Plant City,3,28.0186323,-82.1128641
West Springfield,3,42.1070383,-72.6203675
Sault Sainte Marie,3,46.49771150000001,-84.3475876
Cohoes,3,42.7742446,-73.70011869999999
Westerville,3,40.1266689,-82.9318807
East Liverpool,3,40.6186756,-80.5772928
Beech Grove,3,39.7219884,-86.0899847
Toppenish,3,46.3773509,-120.3086667
Lemoore,3,36.3007835,-119.7829107
Jeffersontown,3,38.1942356,-85.5644033
South Patrick Shores,3,28.2022336,-80.60949649999999
Spokane,3,47.6587802,-117.4260465
Holiday,3,37.09024,-95.712891
Wilkes-Barre,3,41.2459149,-75.88130749999999
Shively,3,38.1920619,-85.80810199999999
Wadsworth,3,41.0256101,-81.72985190000001
Ephrata,3,40.1798165,-76.17883909999999
Oroville,3,39.5137752,-121.556359
Santa Rosa,3,38.440429,-122.7140548
Bullhead City,3,35.1359386,-114.5285981
Lenexa,3,38.9536174,-94.73357089999999
Elk Plain,3,47.0531551,-122.39762
Deer Park,3,29.7052284,-95.1238204
Coshocton,3,40.2720151,-81.8595756
Kettering,3,39.68950359999999,-84.1688274
Terrytown,3,29.910205,-90.0325709
Green Valley,3,31.8542511,-110.9937019
Hamptons At Boca Raton,3,26.3825767,-80.1858792
Boulder,3,40.0149856,-105.2705456
Pecan Grove,3,29.6260681,-95.7316156
Emmett,3,43.8734978,-116.4993012
Waukesha,3,43.0116784,-88.2314813
Belleville,3,38.5200504,-89.9839935
Woodhaven,3,42.1389839,-83.24179939999999
Fort Collins,3,40.5852602,-105.084423
Oxnard,3,34.1975048,-119.1770516
Burton,3,36.7585937,-95.939319
Seaford,3,40.6659344,-73.4881809
Twin Falls,3,42.5558381,-114.4700518
Sauk Rapids,3,45.5919097,-94.16610109999999
Hamburg,3,53.5510846,9.9936819
Suamico,3,44.6319369,-88.0392708
Kapaa,3,22.0881391,-159.3379818
Weyburn,3,49.6632836,-103.8532906
Cahokia,3,38.6550643,-90.0618228
Havre De Grace,3,39.5492792,-76.09161700000001
Montrose,3,38.4783198,-107.8761738
Raymore,3,38.801953,-94.4527294
Bakersfield,3,35.3732921,-119.0187125
Balch Springs,3,32.7287413,-96.62277139999999
Elizabethton,3,36.3487196,-82.21068760000001
Warrington,3,53.3900441,-2.5969501
Farmers Branch,3,32.9265137,-96.89611509999999
Sunrise,3,38.9566722,-95.2310194
Louisville,3,38.2526647,-85.7584557
Southbridge,3,42.0751065,-72.0333905
Clearlake,3,38.9582307,-122.6263728
South Yuba City,3,39.1165329,-121.637973
Round Rock,3,30.5082551,-97.678896
South Bradenton,3,27.4630959,-82.5817641
Sacramento,3,38.5815719,-121.4943996
Sun City,3,33.5975393,-112.2718239
Deerfield Beach,3,26.3184123,-80.09976569999999
Huntington Beach,3,33.6594835,-117.9988026
Saint Helens,3,45.85896100000001,-122.8212356
Herndon,3,38.9695545,-77.3860976
North Charleston,3,32.8771106,-80.0130514
Centreville,3,38.8403909,-77.42887689999999
West Chester,3,39.9606643,-75.6054882
Ypsilanti,3,42.2411499,-83.61299389999999
Pleasant Grove,3,40.3641184,-111.73854
Fernley,3,39.6079683,-119.2518349
Adelanto,3,34.5827699,-117.409215
Coral Terrace,3,25.7459338,-80.30449569999999
Middletown,3,41.5623209,-72.6506488
Moundsville,3,39.9203526,-80.7431407
Los Alamos,3,35.8800364,-106.3031138
Key Biscayne,3,25.693713,-80.1628248
Steamboat Springs,3,40.4849769,-106.8317158
Sylvania,3,38.9440336,-94.7549033
Birmingham,3,33.5185892,-86.8103567
Palm Harbor,3,28.0780718,-82.7637127
Moline,3,41.5067003,-90.51513419999999
Carson City,3,39.1637984,-119.7674034
Red Bluff,3,40.1784886,-122.2358302
North Ridgeville,3,41.3894905,-82.01903209999999
Ingleside,3,27.8778026,-97.211657
Spring,3,37.0914454,-95.7756794
Girard,3,37.5111596,-94.8380215
Gravelbourg,3,49.8756758,-106.5573172
Burley,3,42.5357428,-113.7927948
Chaska,3,44.7893446,-93.60183889999999
Grandview,3,38.8858407,-94.5330096
Melita,3,49.2720603,-100.9930189
Richmond Hill,3,31.9382652,-81.3034433
Pooler,3,32.115481,-81.2470574
Palm City,3,27.1678268,-80.2661591
Webster,3,43.2122851,-77.4299939
Norton,3,39.8378253,-99.8880253
Safford,3,32.8339546,-109.70758
Kendallville,3,41.4414384,-85.2649754
Cody,3,44.52634219999999,-109.0565308
Ware,3,42.2598457,-72.2398566
Live Oak,3,30.2949457,-82.98402000000002
New Port Richey,3,28.2441768,-82.7192671
Forest Hills,3,39.0902286,-84.3436881
Willow Grove,2,40.1439985,-75.1157286
Baltimore,2,39.2903848,-76.6121893
Ontario,2,51.253775,-85.323214
Kendall,2,37.93473729999999,-101.5460038
Apple Valley,2,34.5008311,-117.1858759
Cedar Hill,2,32.5884689,-96.9561152
Brigham City,2,41.5102129,-112.0155015
Damascus,2,33.5138073,36.2765279
Sunnyvale,2,37.36883,-122.0363496
Holt,2,37.225552,-95.716393
Muskegon Heights,2,43.2011264,-86.23894639999999
Parkville,2,39.1950029,-94.6821806
Standish,2,43.9830762,-83.95888029999999
Macedonia,2,41.608635,21.745275
Cutler Ridge,2,25.5808323,-80.34685929999999
Saint George,2,37.0965278,-113.5684164
North Laurel,2,39.1389968,-76.8705293
Jenison,2,42.907248,-85.79197839999999
High Point,2,35.9556923,-80.0053176
Plum,2,41.4799567,-81.71420669999999
Guerrero,2,17.4391926,-99.54509739999999
Ironton,2,38.5367471,-82.6829406
Lake Saint Louis,2,38.7809384,-90.78836040000002
Venice,2,45.4408474,12.3155151
Buxton,2,37.4483826,-95.9205379
Rock Springs,2,38.2916502,-85.5082529
West Mifflin,2,40.3634026,-79.86643749999999
Westmont,2,41.7958639,-87.9756175
Elk Grove,2,38.4087993,-121.3716178
Beachwood,2,41.4644979,-81.5087322
Gilbert,2,33.3528264,-111.789027
Princeton,2,40.3430942,-74.65507389999999
Cherry Hill,2,39.926813,-75.0246312
Miami Lakes,2,25.9087056,-80.30866189999999
Amherst,2,42.3732216,-72.5198537
Alliance,2,40.9153362,-81.10593089999999
Camp Springs,2,38.8040027,-76.90663959999999
Bremerton,2,47.5650067,-122.6269768
Janesville,2,42.6827885,-89.0187222
Desoto,2,32.5896998,-96.8570738
Ravenna,2,44.4183598,12.2035294
Deltona,2,28.9005446,-81.26367379999999
College Park,2,38.9896967,-76.93776
Richland Hills,2,32.8091672,-97.2316869
Tipp City,2,39.9583892,-84.17216379999999
Cross Lanes,2,38.4203709,-81.7906847
South Houston,2,29.663008,-95.2354902
Clearwater,2,27.9658533,-82.8001026
Bonney Lake,2,47.1770457,-122.1865055
New Braunfels,2,29.7030024,-98.1244531
Millville,2,39.4020596,-75.0393438
East Millcreek,2,40.6999471,-111.8104888
Woodland,2,38.67851570000001,-121.7732971
Seabrook,2,47.1955483,-124.1963636
Tamarac,2,26.2128609,-80.2497707
Lake Shore,2,42.6487736,-79.0376357
Dingle,2,52.14093889999999,-10.2640135
Merrydale,2,30.5013004,-91.1084389
Lake Magdalene,2,28.0741832,-82.4717613
Vancouver,2,49.2827291,-123.1207375
Marrero,2,29.8993723,-90.1003506
East Ridge,2,44.88608199999999,-92.9322831
Bridgeton,2,39.427337,-75.2340768
East Islip,2,40.7320429,-73.1856703
Gulf Gate Estates,2,27.2594935,-82.50676360000001
Edgewood,2,41.247419,-96.19084
Flower Mound,2,33.0145673,-97.0969552
Cocoa,2,37.7211117,-97.2433762
Pinawa,2,50.1503346,-95.8798382
Green,2,37.09024,-95.712891
Margate,2,26.2445263,-80.206436
Hilliard,2,40.0333961,-83.1582451
Somerville,2,42.3875968,-71.0994968
Corvallis,2,44.5645659,-123.2620435
Epsom,2,51.336036,-0.267382
Pittsburgh,2,40.44062479999999,-79.9958864
Crofton,2,39.0017772,-76.68746709999999
North Marysville,2,48.099265,-122.1487495
Grants Pass,2,42.4390069,-123.3283925
South Lake Tahoe,2,38.939926,-119.9771868
Skowhegan,2,44.76503659999999,-69.7193803
Greer,2,34.9387279,-82.2270568
Silver City,2,32.770075,-108.280326
Fort Myers,2,26.640628,-81.8723084
North Adams,2,42.70091499999999,-73.1087148
Richfield,2,44.8832982,-93.28300209999999
East Highland Park,2,37.5809789,-77.4069263
Tarrytown,2,41.0762077,-73.85874609999999
Zion,2,37.2982022,-113.0263005
Forest Hill,2,32.6601003,-97.2698712
Sugar Hill,2,34.1064895,-84.0335197
Sturgeon Bay,2,44.8341639,-87.3770419
Sanger,2,36.708006,-119.5559652
Bluefield,2,37.252617,-81.2712105
West University Place,2,29.7180075,-95.43382919999999
Tacoma,2,47.2528768,-122.4442906
Lino Lakes,2,45.1602442,-93.0888324
The Colony,2,33.0806083,-96.89283089999999
Steubenville,2,40.3697905,-80.63396379999999
Southbury,2,41.4793072,-73.2133715
Olivehurst,2,39.0954484,-121.5521858
Sparks,2,39.8574972,-95.1902525
Cary,2,35.79154,-78.7811169
Los Banos,2,37.0582786,-120.8499151
Camp Verde,2,34.5636358,-111.8543178
Wasco,2,35.5941238,-119.3409457
Grand Prairie,2,32.7459645,-96.99778459999999
Orlando,2,28.5383355,-81.3792365
Newburgh,2,41.5034271,-74.0104178
Colesville,2,39.0756643,-77.0019212
Berkeley Heights,2,40.6808726,-74.4310524
Fort Frances,2,48.6099494,-93.3955282
Bellefontaine,2,40.3611643,-83.7596557
Coaticook,2,45.1325529,-71.80318849999999
Modesto,2,37.6392595,-120.9970014
University Park,2,32.8550377,-96.797592
Arnold,2,38.4328317,-90.3776187
West Freehold,2,40.2357558,-74.29662669999999
Caledonia,2,42.7891985,-85.5166864
Shelton,2,47.2150945,-123.1007066
Mayfield Heights,2,41.5192189,-81.45789599999999
Nampa,2,43.5788175,-116.55978
Hurricane,2,36.1475,-95.9419444
Albuquerque,2,35.0843859,-106.650422
Pharr,2,26.1947962,-98.1836216
Altamont,2,37.74358,-121.663109
Watsonville,2,36.910231,-121.7568946
Bartlett,2,41.9950276,-88.1856301
Hialeah Gardens,2,25.8650961,-80.3244957
Hollywood,2,34.0928092,-118.3286614
Nicholasville,2,37.8806341,-84.5729961
Waco,2,31.549333,-97.1466695
Phillipsburg,2,40.69370989999999,-75.1901761
Minnehaha,2,44.9153307,-93.21100059999999
Port Washington,2,40.8256561,-73.69818579999999
Coral Springs,2,26.271192,-80.2706044
Eldersburg,2,39.40371469999999,-76.9502567
Friendly,2,37.0112917,-95.9287241
Waldorf,2,39.0085154,-95.2062011
East Peoria,2,40.666149,-89.5800978
Anaconda,2,30.2705624,-97.7395908
Ridgecrest,2,35.6224561,-117.6708966
Buckeye,2,33.3703197,-112.5837766
Marana,2,32.436381,-111.2224422
North Andrews Gardens,2,26.1911,-80.14457399999999
Woodbridge,2,40.5575986,-74.2846022
Palmdale,2,34.5794343,-118.1164613
Saint Louis,2,38.6270025,-90.19940419999999
Glen Carbon,2,38.7483814,-89.98315799999999
Riverside,2,33.9806005,-117.3754942
Lahaina,2,20.8783333,-156.6825
Loganville,2,33.8389977,-83.90073819999999
Atwater,2,37.3477174,-120.609084
Mounds View,2,45.1049656,-93.2085582
Reidsville,2,36.3548586,-79.6644747
Exeter,2,42.9814292,-70.9477546
Steger,2,41.4700348,-87.636432
Belen,2,34.6627652,-106.7761546
Waterboro,2,43.5354332,-70.7145912
Aguadilla,2,18.4274454,-67.1540698
Yarmouth,2,41.7056291,-70.2286681
Helena,2,46.5891452,-112.0391057
Ammon,2,43.4696366,-111.9666355
Cicero,2,41.8455877,-87.7539448
American Fork,2,40.3768954,-111.7957645
East Lake,2,33.7475043,-84.30028639999999
Turlock,2,37.4945743,-120.8459786
Tracy,2,37.7396513,-121.4252227
Nederland,2,39.9613759,-105.5108312
Roy,2,41.1616108,-112.0263313
New Baltimore,2,42.6811436,-82.7368616
Blythe,2,33.6177725,-114.5882607
Grandville,2,42.9097484,-85.7630885
Hanford,2,36.3274502,-119.6456844
Cedar Park,2,30.505198,-97.8202888
Kelso,2,46.146779,-122.9084445
Flint,2,43.0125274,-83.6874562
Little Chute,2,44.2799872,-88.3184394
Duluth,2,46.78667189999999,-92.1004852
Aventura,2,25.9564812,-80.1392121
Irondale,2,33.5381601,-86.70721019999999
Sandy Springs,2,33.9304352,-84.3733147
Dillon,2,39.6302643,-106.0433518
Rowlett,2,32.9029017,-96.56388
Ramsey,2,41.0573188,-74.1409771
Lawrenceville,2,40.3016375,-74.7361013
Twentynine Palms,2,34.1355582,-116.0541689
Mount Clemens,2,42.5972563,-82.8779754
Lander,2,42.833014,-108.7306725
Farragut,2,35.8778548,-84.17113450000001
Sycamore,2,38.6986462,-92.23213
West Columbia,2,33.9934867,-81.0739825
Fortuna Foothills,2,32.6578265,-114.4118901
Century Village,2,26.7139537,-80.1289324
Tucson,2,32.2226066,-110.9747108
Douglasville,2,33.7514966,-84.7477136
Golden,2,39.755543,-105.2210997
Barre,2,36.1071525,-95.97513359999999
Palm Beach,2,26.7056206,-80.0364297
Apopka,2,28.6934076,-81.5322149
West Wendover,2,40.739097,-114.073345
Bellefontaine Neighbors,2,38.7403281,-90.2265001
Lathrop,2,37.8227046,-121.27661
Groves,2,29.94826949999999,-93.9171155
Old Saybrook,2,41.2960159,-72.38453009999999
White Settlement,2,32.7597739,-97.45909859999999
West Melbourne,2,28.0716832,-80.65338779999999
Holly Springs,2,35.6512655,-78.8336218
Yuba City,2,39.1404477,-121.6169108
Hollister,2,36.06309600000001,-95.881996
Springdale,2,36.18674420000001,-94.1288141
Villas,2,36.2811602,-95.8097935
Alton,2,38.8906038,-90.1842764
Rossland,2,49.0781415,-117.8000037
Highview,2,48.4465694,-89.24815
Vacaville,2,38.3565773,-121.9877444
Mountain Brook,2,33.5009384,-86.75221069999999
Jasmine Estates,2,28.2930632,-82.6901003
Miami Springs,2,25.8223198,-80.289495
Painesville,2,41.7244885,-81.245657
Commerce City,2,39.8083196,-104.9338675
Wolfeboro,2,43.5852069,-71.20947989999999
Schenectady,2,42.8142432,-73.9395687
Ann Arbor,2,42.2808256,-83.7430378
Joliet,2,41.525031,-88.0817251
Charlotte,2,35.2270869,-80.8431267
Greece,2,39.074208,21.824312
Town And Country,2,37.66598,-121.874618
Mauldin,2,34.77873,-82.310119
Chino Valley,2,34.7575227,-112.4537809
Lake Ronkonkoma,2,40.8320984,-73.1053707
Prescott,2,34.5400242,-112.4685025
Austintown,2,41.1017247,-80.7645239
Savage,2,37.016569,-95.61572360000001
Piqua,2,40.1447732,-84.24244490000001
Moreno Valley,2,33.9424658,-117.2296717
Johnston,2,41.6709834,-93.7130493
Kuna,2,43.4918307,-116.4201223
Vandalia,2,38.9606009,-89.0936778
Franklin Park,2,41.9348537,-87.87952299999999
West Palm Beach,2,26.7153424,-80.0533746
Batavia,2,41.8500284,-88.3125738
Coldwater,2,41.9403263,-85.00052149999999
South Lyon,2,42.46059,-83.6516063
Canby,2,45.262316,-122.6921253
Oakdale,2,37.7666263,-120.8470308
Fallon,2,39.4748693,-118.7770407
Phoenix,2,33.4483771,-112.0740373
Sharon,2,42.1236499,-71.1786237
Elkton,2,39.60677889999999,-75.83327179999999
Annapolis,2,38.9784453,-76.4921829
Villa Rica,2,33.732052,-84.9191081
Suisun City,2,38.2382474,-122.040244
Bonita Springs,2,26.339806,-81.7786972
Cooper City,2,26.0573112,-80.271716
Bath,2,51.3810641,-2.3590167
Fargo,2,46.8771863,-96.7898034
Cortez,2,37.3488827,-108.5859265
Conyers,2,33.6676103,-84.01769039999999
Dinuba,2,36.5432837,-119.3870656
Fort Carson,2,38.7421321,-104.7920877
Makakilo City,2,21.3469444,-158.0858333
Temecula,2,33.4936391,-117.1483648
Jeffersonville,2,38.2775702,-85.7371847
Bolingbrook,2,41.69864159999999,-88.0683955
Edmundston,2,47.3690127,-68.32667409999999
Tulare,2,36.2077288,-119.3473379
Murphy,2,37.225371,-95.73769999999999
Makaha,2,21.4634328,-158.2206477
Jensen Beach,1,27.2544906,-80.22976969999999
Westchester,1,41.1220194,-73.7948516
Carmel,1,36.5552386,-121.9232879
South Salt Lake,1,40.7188354,-111.8882691
North Royalton,1,41.3136644,-81.7245739
Payette,1,44.0782195,-116.9337711
Overland,1,38.927869,-94.690855
Chesterton,1,41.6105937,-87.06419919999999
Grover Beach,1,35.1216424,-120.6212821
Whitefish,1,48.4106373,-114.3352652
Broomfield,1,39.9205411,-105.0866504
Alpine,1,46.606474,-112.00982
Perth Amboy,1,40.5067723,-74.2654234
Muskegon,1,43.2341813,-86.24839209999999
Forestville,1,38.4735237,-122.8902721
Ellington,1,41.91728260000001,-72.458236
Doctor Phillips,1,28.4494501,-81.4922945
Moultonborough,1,43.7551145,-71.39653059999999
Klamath Falls,1,42.224867,-121.7816704
Perry Hall,1,39.4126073,-76.463574
Kennesaw,1,34.0234337,-84.6154897
Hesperia,1,34.4263886,-117.3008784
Arvin,1,35.2017986,-118.833105
Patchogue,1,40.7659783,-73.01934299999999
Peekskill,1,41.2900939,-73.9204158
Kings Point,1,40.8198231,-73.7351316
Hillsborough,1,36.0754183,-79.0997347
Poughkeepsie,1,41.7003713,-73.9209701
Sterling Heights,1,42.5803122,-83.0302033
Los Altos,1,37.3852183,-122.1141298
Bloomfield,1,40.8067546,-74.1854209
Atikokan,1,48.7597531,-91.6181716
Gahanna,1,40.0192307,-82.8793446
Arcata,1,40.8665166,-124.0828396
Oviedo,1,28.669997,-81.20812029999999
Grand Junction,1,39.0638705,-108.5506486
Chelsea,1,36.535647,-95.432474
Goodings Grove,1,41.6291984,-87.93088929999999
Lexington-Fayette,1,38.0405837,-84.5037164
Lorain,1,41.452819,-82.1823746
Carol Stream,1,41.91252859999999,-88.13479269999999
Davis,1,38.5449065,-121.7405167
Whitehall,1,40.7030185,-74.0130148
El Centro,1,32.77976,-96.805331
Wood River,1,38.861159,-90.0976069
Harker Heights,1,31.0835102,-97.6597376
Huntingdon,1,40.48479589999999,-78.0102813
Rio Grande City,1,26.3797874,-98.8203046
Cottonwood,1,34.7391876,-112.0098791
South Holland,1,41.6008681,-87.60698939999999
Lantana,1,33.08371,-97.11978669999999
Wethersfield,1,41.7063537,-72.6596244
Brecksville,1,41.31977630000001,-81.62679039999999
Lake Park,1,36.6777497,-95.1200384
Fairmount,1,37.7153003,-97.2912444
Fullerton,1,33.8703645,-117.9242123
Mission Bend,1,29.6938429,-95.6649468
Linda,1,36.74913720000001,-95.9767226
Wilsonville,1,45.3029903,-122.7726501
Goldenrod,1,28.6102772,-81.2886784
Healdsburg,1,38.6104658,-122.8691609
Riviera Beach,1,26.7753405,-80.0580969
Gilroy,1,37.0029828,-121.5566373
Newington,1,41.6972996,-72.7228293
Carol City,1,25.9395677,-80.2784745
Caldwell,1,40.8398218,-74.2765366
Paramus,1,40.9445428,-74.0754189
Hugo,1,36.6905556,-79.8730556
Haverhill,1,42.7762015,-71.0772796
Rosedale,1,40.6584068,-73.7389596
Raymond,1,42.3282995,-75.77602159999999
South River,1,40.446495,-74.38598309999999
Great Neck,1,40.8006567,-73.7284647
North Massapequa,1,40.70093370000001,-73.4620685
Highlands Ranch,1,39.5480789,-104.9739333
San Luis Obispo,1,35.2827524,-120.6596156
Sun City West,1,33.6619819,-112.3412726
Stow,1,41.1595005,-81.44038979999999
Cookshire,1,45.4130975,-71.6262871
Shoreview,1,45.0791325,-93.14716670000001
Long Branch,1,40.30427780000001,-73.9923596
Roseville,1,38.7521235,-121.2880059
Osoyoos,1,49.032304,-119.468163
San Carlos Park,1,26.4673016,-81.8014742
Kahului,1,20.8893351,-156.4729469
Hayden,1,47.76601609999999,-116.7865815
Fontana,1,34.0922335,-117.435048
Hopatcong,1,40.9328762,-74.6593281
South San Francisco,1,37.654656,-122.4077498
Hebron,1,31.532569,35.09982600000001
Portage Lakes,1,41.0072779,-81.52706169999999
Glenwood Springs,1,39.5505376,-107.3247762
Rancho Cordova,1,38.5890723,-121.302728
Charlestown,1,42.3782065,-71.0602131
Manati,1,18.433005,-66.4758583
Speedway,1,36.9857328,-95.64044489999999
Miami Shores,1,25.8631515,-80.1928253
Coppell,1,32.9545687,-97.01500779999999
Waterbury,1,41.5581525,-73.0514965
Catano,1,18.4465355,-66.1355775
Romulus,1,42.2222614,-83.39659940000001
Blaine,1,45.1607987,-93.23494889999999
Keizer,1,44.9901194,-123.0262077
Cloquet,1,46.7217735,-92.46118249999999
Stuart,1,27.197548,-80.2528257
Tucker,1,33.8545479,-84.2171424
Chandler,1,33.3061605,-111.8412502
Aguada,1,18.3801579,-67.188704
Madawaska,1,47.35531539999999,-68.3217027
Pine Castle,1,30.2718348,-81.6119405
Camas,1,45.58671280000001,-122.402442
Beavercreek,1,39.7092262,-84.06326849999999
Indian Harbour Beach,1,28.1489021,-80.5883855
Glen Cove,1,40.8623217,-73.6337389
Trumbull,1,41.2428563,-73.2006639
Round Lake Beach,1,42.37168810000001,-88.0900815
Ballwin,1,38.5950532,-90.54623389999999
Kearns,1,40.6599468,-111.9963275
Bucyrus,1,40.8083909,-82.97546489999999
Humble,1,29.99883119999999,-95.26215529999999
Warr Acres,1,35.5223057,-97.6189809
Streetsboro,1,41.2392227,-81.3459405
Kihei,1,20.7644275,-156.4450063
Kennewick,1,46.2086683,-119.119948
Struthers,1,41.0525588,-80.6078509
Rotterdam,1,51.9244201,4.4777326
East Saint Louis,1,38.624514,-90.1506465
Springville,1,40.1652335,-111.6107526
Walnut,1,34.0202894,-117.8653386
Isla Vista,1,34.4133292,-119.8609718
Darien,1,41.0771914,-73.4686858
Cudahy,1,33.9608646,-118.1857858
Scottsdale,1,33.4941704,-111.9260519
Ludlow,1,42.1600936,-72.47591899999999
Jefferson,1,37.1095843,-95.76257129999999
Chicago,1,41.8781136,-87.6297982
South Valley,1,34.5793597,-118.0569701
Hermon,1,33.4161617,35.8570262
Hazleton,1,40.9584181,-75.97464719999999
Elfers,1,28.2166778,-82.7223228
Harwich,1,41.6716498,-70.0622231
Selden,1,40.8664873,-73.0356625
University Place,1,47.2356536,-122.5504041
Two Rivers,1,33.7194564,-84.1148532
Littleton,1,39.613321,-105.0166498
Forest Grove,1,45.526998,-123.1211134
Clark,1,37.2234756,-95.70155749999999
Grand Rapids,1,42.9633599,-85.6680863
Evanston,1,42.0450722,-87.68769689999999
Nanticoke,1,41.2053599,-76.00492299999999
Ogdensburg,1,44.6942291,-75.48633640000001
Okemos,1,42.722257,-84.4274744
Opa-Locka,1,25.9023168,-80.25032709999999
Bellmawr,1,39.8676134,-75.0946182
Swanzey,1,42.8741204,-72.2795383
Stony Point,1,37.0528532,-95.8016463
Yonkers,1,40.9312099,-73.89874689999999
Albion,1,42.2423239,-84.7532696
Worcester,1,42.2625932,-71.8022934
Solon,1,41.3897764,-81.44122589999999
East Grand Rapids,1,42.941139,-85.61002769999999
West Seneca,1,42.8358977,-78.7538895
Willimantic,1,41.7106543,-72.2081338
North Plainfield,1,40.6301025,-74.4273743
North Miami Beach,1,25.9331488,-80.1625463
Maple Shade,1,39.9526127,-74.9923915
Glendale,1,34.1425078,-118.255075
Norland,1,25.9489817,-80.2122701
Naugatuck,1,41.485921,-73.0506972
Belvedere Park,1,34.034757,-118.158516
Reston,1,38.9586307,-77.35700279999999
Spanish Lake,1,38.7878275,-90.2159441
Mililani Town,1,21.4513314,-158.0152807
Eloy,1,32.7558962,-111.554844
Holden,1,38.7247303,-93.9933942
East Point,1,33.6795531,-84.43937240000001
Norcross,1,33.9412127,-84.2135309
Paradise,1,39.7596061,-121.6219177
Mason,1,39.3600586,-84.309939
Trujillo Alto,1,18.3563169,-66.0033838
Auburn Hills,1,42.6875323,-83.2341028
South Daytona,1,29.1658158,-81.0044995
Northbridge,1,42.1516323,-71.6494407
West Sacramento,1,38.5804609,-121.530234
Levittown,1,40.7259336,-73.51429209999999
Chamblee,1,33.8920468,-84.29881259999999
Youngstown,1,41.0997803,-80.6495194
Akron,1,41.0814447,-81.51900529999999
Flowing Wells,1,32.2943528,-111.01206
Haltom City,1,32.7995738,-97.26918169999999
Coconut Creek,1,26.2517482,-80.17893509999999
Middle River,1,39.3342744,-76.4394056
Weirton,1,40.41895660000001,-80.58951669999999
Casselberry,1,28.677775,-81.3278455
Lindsay,1,36.2030064,-119.08816
Wilmington Manor,1,39.6867795,-75.5843694
Patterson,1,36.0706189,-95.8132011
Orland Park,1,41.6303103,-87.85394250000002
Ashtabula,1,41.8650534,-80.7898089
North Providence,1,41.8535518,-71.46766389999999
Hilo,1,19.7241106,-155.0868193
Somers Point,1,39.3160641,-74.60530469999999
Brigantine,1,32.9794572,-117.2687609
Coachella,1,33.6803003,-116.173894
Cuervos,1,49.257433,-123.0911109
New Carrollton,1,38.9657249,-76.88024829999999
Brookside,1,36.0991307,-94.1627742
Blue Ash,1,39.2320029,-84.3782734
Asheville,1,35.5950581,-82.5514869
Bayonne,1,40.6687141,-74.1143091
Anasco,1,18.2854476,-67.1402935
Maple Grove,1,45.0724642,-93.4557877
Toledo,1,41.6528052,-83.5378674
Novi,1,42.48059,-83.4754913
Boulder City,1,35.9782216,-114.8345117
Drexel Heights,1,32.1411888,-111.028427
South Venice,1,27.0531128,-82.4242627
Snohomish,1,47.91287560000001,-122.0981847
Sandpoint,1,48.276577,-116.553465
Sarasota Springs,1,27.308936,-82.47954059999999
Philadelphia,1,39.9525839,-75.1652215
Eastchester,1,40.95956049999999,-73.8095574
Pembroke Pines,1,26.007765,-80.2962555
Oregon City,1,45.3364465,-122.6050422
West Carrollton City,1,39.6722812,-84.2521632
Los Lunas,1,34.806166,-106.7333599
West Saint Paul,1,44.9160768,-93.10160739999999
Cartersville,1,34.1650972,-84.7999382
Port Hueneme,1,34.1477829,-119.1951074
Tolland,1,41.8714865,-72.3686931
University City,1,38.6682407,-90.3324856
Pottstown,1,40.2453741,-75.6496302
Windsor Locks,1,41.9242917,-72.6454469
Wrentham,1,42.0667652,-71.3281114
Plantation,1,26.1275862,-80.23310359999999
Road Town,1,18.4286115,-64.6184657
Bethel Park,1,40.3275697,-80.0394977
Kannapolis,1,35.4873613,-80.6217341
Groton,1,42.6112018,-71.5745152
Hemet,1,33.7475203,-116.9719684
Redford,1,42.3944486,-83.2973732
North Atlanta,1,33.8654904,-84.4464967
Cedar Mill,1,45.5264131,-122.7927916
Beach Park,1,42.4222435,-87.85729549999999
Mier,1,40.5753176,-85.8255386
Laconia,1,43.5278546,-71.4703509
Columbia Heights,1,45.0481968,-93.2474098
Richmond Heights,1,38.6286631,-90.31955959999999
Visalia,1,36.3302284,-119.2920585
Ewing,1,36.0764431,-95.8572025
North Aurora,1,41.8061399,-88.3272952
South Charleston,1,38.3685523,-81.69988649999999
Moca,1,34.0507666,-118.2384189
Oakland,1,37.8043514,-122.2711639
Winter Haven,1,28.0222435,-81.7328567
Reno,1,39.5296329,-119.8138027
Bexley,1,39.9689532,-82.93768039999999
San Jose,1,37.3382082,-121.8863286
Santa Maria,1,34.9530337,-120.4357191
Centennial,1,39.5807452,-104.8771726
Winthrop,1,34.9395137,-81.0320796
Allouez,1,44.4774923,-88.0162144
Huber Heights,1,39.843947,-84.12466080000002
Storrs,1,41.8084314,-72.24952309999999
Collinsville,1,36.3645384,-95.83887659999999
Hartland,1,43.105008,-88.3420398
Half Moon Bay,1,37.4635519,-122.4285862
Holladay,1,40.6688363,-111.8246557
Coon Rapids,1,45.1732394,-93.30300629999999
Enfield,1,42.0027181,-72.5441445
Phoenixville,1,40.1303822,-75.51491279999999
Kansas City,1,39.0997265,-94.5785667
Banning,1,33.9255713,-116.8764103
Lansdale,1,40.2414952,-75.2837862
Newport Beach,1,33.6188829,-117.9298493
Lakewood,1,40.08212899999999,-74.2097014
Waipahu,1,21.3866667,-158.0091667
Lindenhurst,1,40.68676670000001,-73.3734547
Winston-Salem,1,36.09985959999999,-80.244216
Kalispell,1,48.1919889,-114.316813
Olney,1,38.7308811,-88.0853154
Uxbridge,1,42.07724289999999,-71.6302532
Pike Creek,1,39.7309451,-75.704099
Kent,1,47.3809335,-122.2348432
Henniker,1,43.1798323,-71.82228719999999
Dunwoody,1,33.9462125,-84.3346473
Mableton,1,33.8187167,-84.5824329
Cincinnati,1,39.1031182,-84.5120196
Westerly,1,41.3775987,-71.82728709999999
Emmaus,1,33.7267997,-84.3883761
Athol,1,42.59593290000001,-72.2267383
Waggaman,1,29.9185388,-90.2109093
Spring Valley,1,32.744774,-116.998916
Southlake,1,32.9412363,-97.1341783
Irvine,1,33.6845673,-117.8265049
Copiague,1,40.6814892,-73.3998445
Saint Johnsbury,1,44.4192627,-72.0151184
Euless,1,32.8370727,-97.08195409999999
Mount Dora,1,28.8024918,-81.644519
Saint Louis Park,1,44.9597376,-93.3702186
Elyria,1,41.3683798,-82.10764859999999
Machesney Park,1,42.3472406,-89.03899559999999
Burnsville,1,44.7677424,-93.27772259999999
Potsdam,1,52.3905689,13.0644729
Ukiah,1,39.1501709,-123.2077831
Richmond West,1,25.6103836,-80.4294996
Arvada,1,39.8027644,-105.0874842
Coos Bay,1,43.3665007,-124.2178903
Maryland Heights,1,38.7131073,-90.42984009999999
Glens Falls,1,43.3095164,-73.6440058
Longwood,1,28.7030519,-81.3384011
Olympia Heights,1,25.726768,-80.3553306
Pleasant Prairie,1,42.5530753,-87.9334118
Mesa,1,33.4151843,-111.8314724
Nogales,1,31.3403775,-110.9342532
Southwick,1,42.0548167,-72.7703724
Rye Brook,1,41.0188032,-73.6813591
Griffith,1,34.1184341,-118.3003935
Mokena,1,41.5261437,-87.8892189
Greendale,1,42.9405711,-87.9959191
South Whittier,1,33.9510283,-118.0402852
Falls Church,1,38.88233400000001,-77.1710914
Fishers,1,39.9567548,-86.01335
Hoquiam,1,46.97704299999999,-123.8839028
Newberg,1,45.3064258,-122.9469463
Palmer,1,32.42763,-96.6829423
Hidalgo,1,26.1003547,-98.2630684
East Wenatchee Bench,1,47.425919,-120.280071
Fallbrook,1,33.3764196,-117.2511466
Severna Park,1,39.070388,-76.5452409
Camarillo,1,34.2163937,-119.0376023
North Ogden,1,41.3071645,-111.9602196
Eugene,1,44.0520691,-123.0867536
North Haven,1,41.39091390000001,-72.8595447
Beacon,1,36.1516753,-95.9919383
Garfield Heights,1,41.4169974,-81.6059581
Rosemont,1,41.98675069999999,-87.8721602
Creve Coeur,1,38.6608855,-90.42261800000001
Jericho,1,31.8611058,35.4617583
Clute,1,29.0246906,-95.3988291
Lauderhill,1,26.1403635,-80.2133808
Racine,1,42.7261309,-87.78285230000002
Greenwich,1,51.4933675,0.0098214
Poway,1,32.9628232,-117.0358646
West Memphis,1,35.1464797,-90.1845388
Lacolle,1,45.08197939999999,-73.37286379999999
Folsom,1,38.6779591,-121.1760583
Calabasas,1,34.1367208,-118.6614809
Pitman,1,39.732892,-75.1315651
Crown Point,1,41.4169806,-87.3653135
Ossining,1,41.1628731,-73.8615246
North Richland Hills,1,32.8342952,-97.2289029
East Hemet,1,33.7400206,-116.9389122
Chula Vista,1,32.6400541,-117.0841955
The Crossings,1,38.974074,-94.726089
Ramona,1,33.04136039999999,-116.8792553
Gilford,1,43.5475771,-71.4067385
Babylon,1,38.7584424,-90.6351037
Norway,1,60.47202399999999,8.468945999999999
Garland,1,32.912624,-96.63888329999999
Maumee,1,41.5628294,-83.65382439999999
Covina,1,34.0900091,-117.8903397
Foster,1,41.8537098,-71.7581249
Aztec,1,36.180243,-95.858617
Wolcott,1,41.6023196,-72.9867718
Stevens Point,1,44.52357920000001,-89.574563
Lynbrook,1,40.6548253,-73.67179689999999
Anderson Mill,1,30.4549224,-97.80584320000001
Eagle,1,39.576406,-106.7234639
Pelham,1,40.9098215,-73.8079111
Peterborough,1,52.56949849999999,-0.2405299
Asfi,1,33.3566218,-97.1837125
Dyer,1,41.4942021,-87.52170679999999
Lajas,1,18.049962,-67.0593449
Bowie,1,39.0067768,-76.77913649999999
Carmichael,1,38.617127,-121.3282843
North Auburn,1,38.9274194,-121.0867333
Merrillville,1,41.4828144,-87.33281389999999
Summit,1,37.1513278,-96.30134319999999
Layton,1,41.0602216,-111.9710529
North Berwick,1,56.058363,-2.719646
Kailua,1,21.4022222,-157.7394444
Potomac,1,39.0181651,-77.2085914
Carteret,1,40.5773266,-74.2282005
Terryville,1,41.6781533,-73.01093929999999
Sauk Village,1,41.4883685,-87.5675414
Oildale,1,35.4196799,-119.0195452
Brooklyn Park,1,45.0941315,-93.3563405
River Ridge,1,46.7801513,-100.774582
Eagan,1,44.8041322,-93.1668858
Edinburg,1,26.3017374,-98.1633432
Chantilly,1,38.8942786,-77.43109919999999
Fort Dix,1,40.0298354,-74.61849
Lompoc,1,34.6391501,-120.4579409
Mount Prospect,1,42.0664167,-87.9372908
Marlton,1,39.8912248,-74.9218324
Matthews,1,35.1168131,-80.72368039999999
Azalea Park,1,34.0014154,-84.3669144
Cheektowaga,1,42.9071477,-78.7542892
Gautier,1,30.385755,-88.6116854
Lincolnia,1,38.8184463,-77.1433132
Pahrump,1,36.2082943,-115.9839147
Forest Park,1,37.0829776,-94.4777862
Coral Gables,1,25.7491968,-80.2635411
Panthersville,1,33.7073291,-84.27186669999999
Kentwood,1,42.8694731,-85.64474919999999
Logan,1,42.3656132,-71.0095602
Deming,1,32.2686981,-107.7586404
Florissant,1,38.789217,-90.322614
Ham Lake,1,45.2502429,-93.2499507
South Miami Heights,1,25.597606,-80.3806096
East Haddam,1,41.5034351,-72.4757767
Shafter,1,35.5005139,-119.2717761
Cedarburg,1,43.2966716,-87.9875898
Greenwood Village,1,39.6172101,-104.9508141
Bridgeport,1,41.1792258,-73.1894384
Crest Hill,1,41.554753,-88.0986709
Dunedin,1,28.0197404,-82.7717684
Loves Park,1,42.3200189,-89.05816209999999
Glenvar Heights,1,25.7076018,-80.3256076
Schaumburg,1,42.0333607,-88.0834059
Saratoga Springs,1,43.0831301,-73.7845651
Ithaca,1,42.4439614,-76.5018807
Mahtomedi,1,45.0696886,-92.95160369999999
Fall River,1,41.7014912,-71.1550451
Roseburg,1,43.216505,-123.3417381
Abbotsford,1,49.0504377,-122.3044697
Lake Worth,1,26.6167555,-80.0684479
Acuna,1,29.3232963,-100.9514187
Bridge City,1,30.0207678,-93.84572550000001
Chillum,1,38.96372179999999,-76.9908093
Norwich,1,41.5242649,-72.07591049999999
Lares,1,34.025081,-118.459429
New Kensington,1,40.5697892,-79.7647705
Odenton,1,39.0839981,-76.7002462
Orange Cove,1,36.624394,-119.3137301
Thunder Bay,1,48.3808951,-89.2476823
Sandalfoot Cove,1,26.3392449,-80.18754609999999
Fairview Heights,1,38.5889386,-89.990382
Oceanside,1,33.1958696,-117.3794834
Green Bay,1,44.5133188,-88.0132958
Berkeley,1,37.8715226,-122.273042
Matteson,1,41.5039235,-87.71310179999999
Oakland Park,1,26.1723065,-80.1319893
Sunrise Manor,1,36.2110819,-115.0730563
Magrath,1,49.4173086,-112.8685569
Walla Walla,1,46.0645809,-118.3430208
Seal Beach,1,33.7414085,-118.1047682
Hillcrest Heights,1,38.8328909,-76.9594189
Lake Havasu City,1,34.483901,-114.3224548
Mentor,1,41.6661573,-81.339552
West Milford,1,41.1311292,-74.3673254
Kerman,1,30.2839379,57.0833628
Downers Grove,1,41.8089191,-88.01117459999999
Ceres,1,36.4772614,-97.2825457
Raleigh,1,35.7795897,-78.6381787
Lacey,1,47.0358969,-122.8232553
Eureka,1,37.8239167,-96.2891703
Maplewood,1,26.244621,-80.2581
Park Forest,1,41.4914236,-87.6744891
Elmont,1,40.700936,-73.712909
Riverdale,1,33.5567452,-84.40204729999999
La Quinta,1,36.303029,-95.6229039
Falmouth,1,41.5532208,-70.60858859999999
Ossipee,1,43.6853516,-71.1166556
Dale City,1,38.6370622,-77.31109459999999
Berlin,1,52.52000659999999,13.404954
Cameron Park,1,31.5836578,-97.1562575
Safety Harbor,1,27.9908529,-82.6931553
Woodburn,1,45.143731,-122.8553724
Anoka,1,45.1977428,-93.3871758
Mount Rainier,1,46.85230749999999,-121.7603229
Woodridge,1,41.7469749,-88.0503406
Rohnert Park,1,38.3396367,-122.7010984
Wheaton,1,41.8661403,-88.1070127
Belchertown,1,42.2770346,-72.4008884
Leawood,1,38.966673,-94.6169012
North Lauderdale,1,26.217305,-80.2258811
Sunland Park,1,31.796496,-106.5799891
Cypress Lake,1,26.5381324,-81.899254
